dia_semana,hour,cantidad_reproducciones,msPlayed,minutosPlayed
Lunes,0,11,1128838,18.813966666666666
Lunes,1,1,180627,3.01045
Lunes,2,3,19815,0.33025000000000004
Lunes,3,0,0,0.0
Lunes,4,1,996,0.0166
Lunes,5,14,1580087,26.334783333333334
Lunes,6,11,1271646,21.1941
Lunes,7,0,0,0.0
Lunes,8,1,251127,4.18545
Lunes,9,9,1091357,18.189283333333332
Lunes,10,28,3187971,53.13285
Lunes,11,82,7427218,123.78696666666667
Lunes,12,43,2723426,45.390433333333334
Lunes,13,17,1953415,32.556916666666666
Lunes,14,79,6019360,100.32266666666666
Lunes,15,17,1559485,25.991416666666666
Lunes,16,22,2330864,38.84773333333334
Lunes,17,6,709652,11.827533333333333
Lunes,18,25,2802570,46.7095
Lunes,19,44,3921644,65.36073333333333
Lunes,20,15,1344476,22.407933333333332
Lunes,21,75,5848962,97.4827
Lunes,22,281,32748922,545.8153666666667
Lunes,23,334,45452455,757.5409166666667
Martes,0,164,22019507,366.99178333333333
Martes,1,30,7431306,123.8551
Martes,2,15,3734070,62.234500000000004
Martes,3,14,3515255,58.587583333333335
Martes,4,11,2779824,46.3304
Martes,5,0,0,0.0
Martes,6,0,0,0.0
Martes,7,0,0,0.0
Martes,8,2,28991,0.48318333333333335
Martes,9,5,633469,10.557816666666668
Martes,10,8,930998,15.516633333333333
Martes,11,40,2219659,36.99431666666667
Martes,12,29,1225301,20.421683333333334
Martes,13,29,2429846,40.49743333333333
Martes,14,88,9379958,156.33263333333332
Martes,15,95,12612318,210.2053
Martes,16,64,6799615,113.32691666666666
Martes,17,16,2655265,44.254416666666664
Martes,18,10,1463849,24.397483333333334
Martes,19,10,1019924,16.998733333333334
Martes,20,24,1886357,31.439283333333332
Martes,21,39,3500711,58.34518333333333
Martes,22,303,34771918,579.5319666666667
Martes,23,354,45499840,758.3306666666666
Miércoles,0,115,16925562,282.0927
Miércoles,1,28,5052456,84.2076
Miércoles,2,3,274919,4.5819833333333335
Miércoles,3,0,0,0.0
Miércoles,4,0,0,0.0
Miércoles,5,0,0,0.0
Miércoles,6,0,0,0.0
Miércoles,7,0,0,0.0
Miércoles,8,0,0,0.0
Miércoles,9,3,259203,4.32005
Miércoles,10,6,516589,8.609816666666667
Miércoles,11,55,4780900,79.68166666666667
Miércoles,12,76,8533946,142.23243333333332
Miércoles,13,32,4387683,73.12805
Miércoles,14,29,1883568,31.3928
Miércoles,15,28,5129973,85.49955
Miércoles,16,4,301976,5.032933333333333
Miércoles,17,7,679105,11.318416666666668
Miércoles,18,0,0,0.0
Miércoles,19,10,1074165,17.90275
Miércoles,20,7,860683,14.344716666666667
Miércoles,21,16,843256,14.054266666666667
Miércoles,22,248,30812091,513.53485
Miércoles,23,321,41969588,699.4931333333334
Jueves,0,215,21939368,365.65613333333334
Jueves,1,48,10191116,169.85193333333333
Jueves,2,11,636967,10.616116666666667
Jueves,3,0,0,0.0
Jueves,4,0,0,0.0
Jueves,5,0,0,0.0
Jueves,6,0,0,0.0
Jueves,7,0,0,0.0
Jueves,8,0,0,0.0
Jueves,9,10,1160861,19.347683333333332
Jueves,10,26,4387768,73.12946666666667
Jueves,11,35,453562,7.559366666666667
Jueves,12,36,2209748,36.82913333333333
Jueves,13,7,47014,0.7835666666666666
Jueves,14,45,4749208,79.15346666666666
Jueves,15,46,6791850,113.1975
Jueves,16,71,10312785,171.87975
Jueves,17,52,9217094,153.61823333333334
Jueves,18,49,4200575,70.00958333333334
Jueves,19,12,1125829,18.763816666666667
Jueves,20,18,1342034,22.367233333333335
Jueves,21,121,6736578,112.2763
Jueves,22,276,29185554,486.4259
Jueves,23,504,42732111,712.20185
Viernes,0,143,19841477,330.69128333333333
Viernes,1,111,19467720,324.462
Viernes,2,52,8876105,147.93508333333332
Viernes,3,32,7255374,120.9229
Viernes,4,24,4644157,77.40261666666667
Viernes,5,18,3571173,59.51955
Viernes,6,17,3505472,58.424533333333336
Viernes,7,18,3573930,59.5655
Viernes,8,0,0,0.0
Viernes,9,2,100833,1.68055
Viernes,10,12,2295892,38.26486666666666
Viernes,11,56,2653552,44.22586666666667
Viernes,12,61,7125625,118.76041666666667
Viernes,13,7,337337,5.622283333333333
Viernes,14,16,1205025,20.083750000000002
Viernes,15,26,2441541,40.69235
Viernes,16,16,3416170,56.936166666666665
Viernes,17,14,3123757,52.06261666666666
Viernes,18,12,1116198,18.6033
Viernes,19,27,1376181,22.93635
Viernes,20,24,1654037,27.567283333333332
Viernes,21,77,8742910,145.71516666666668
Viernes,22,280,32736171,545.60285
Viernes,23,245,33548361,559.13935
Sábado,0,92,14987085,249.78475
Sábado,1,30,4184034,69.7339
Sábado,2,0,0,0.0
Sábado,3,3,612641,10.210683333333334
Sábado,4,10,1677748,27.962466666666668
Sábado,5,0,0,0.0
Sábado,6,0,0,0.0
Sábado,7,1,135860,2.2643333333333335
Sábado,8,10,82577,1.3762833333333333
Sábado,9,10,1836796,30.613266666666668
Sábado,10,108,4121573,68.69288333333333
Sábado,11,224,24150948,402.5158
Sábado,12,452,65530183,1092.1697166666668
Sábado,13,306,46807777,780.1296166666667
Sábado,14,188,28346401,472.4400166666667
Sábado,15,270,38887745,648.1290833333334
Sábado,16,317,58776416,979.6069333333334
Sábado,17,288,49999574,833.3262333333333
Sábado,18,184,31708087,528.4681166666667
Sábado,19,137,23542473,392.37455
Sábado,20,181,25046822,417.4470333333333
Sábado,21,232,30593637,509.89395
Sábado,22,381,46913899,781.8983166666667
Sábado,23,137,20755116,345.9186
Domingo,0,114,9080883,151.34805
Domingo,1,28,4369109,72.81848333333333
Domingo,2,16,3499322,58.32203333333333
Domingo,3,29,4634518,77.24196666666667
Domingo,4,12,2315242,38.58736666666667
Domingo,5,5,1083340,18.055666666666667
Domingo,6,8,1929040,32.150666666666666
Domingo,7,0,0,0.0
Domingo,8,0,0,0.0
Domingo,9,0,0,0.0
Domingo,10,7,726403,12.106716666666667
Domingo,11,173,14847513,247.45855
Domingo,12,519,59718140,995.3023333333333
Domingo,13,308,40783506,679.7251
Domingo,14,245,33457539,557.62565
Domingo,15,247,36989794,616.4965666666667
Domingo,16,278,34663497,577.72495
Domingo,17,138,18370260,306.171
Domingo,18,119,16226210,270.4368333333333
Domingo,19,223,25065042,417.7507
Domingo,20,305,29459547,490.99245
Domingo,21,178,25334960,422.2493333333333
Domingo,22,151,15838941,263.98235
Domingo,23,26,3381281,56.354683333333334
