Mes,genero_principal,generos_secundarios,cantidad_reproducciones,msPlayed,Minutos escuchados
2025-08,Indie Pop,"Indie Folk, Canción Pop / Canción Urbana",14,1887908,31.465133333333334
2025-08,Rock Argentino,"Pop Rock, New Wave, Progressive Rock",10,1431392,23.85653333333333
2025-08,Rock Argentino,"Murga Rock, Candombe Rock, Blues Rock",5,1088607,18.143449999999998
2025-08,Indie Rock,"Post-Punk, Space Rock, Noise Pop",5,760801,12.680016666666667
2025-08,Rock Argentino,"Art Rock, Alternative Rock, Electronic Fusion",2,654170,10.902833333333334
2025-08,Indie Rock,"Art Rock, Synth-Pop, Dance Rock",6,634389,10.57315
2025-08,Canción de Autor,"Rock de Cámara, Experimental Folk",5,618963,10.31605
2025-08,Indie Pop,"Canción de Autor, Art Pop",4,579870,9.6645
2025-08,Rock Argentino,"Pop Rock, Piano Rock",5,541093,9.018216666666667
2025-08,Indie Folk,"Acoustic, Singer-Songwriter",4,455822,7.597033333333334
2025-08,Indie Rock,"Experimental, Dream Pop, Lo-Fi",2,412345,6.872416666666666
2025-08,Rock Argentino,"Latin Rock, Ska Rock, Cumbia Rock",5,402979,6.716316666666667
2025-08,Rock Argentino,"Alternative Rock, Electro-Rock, Pop Rock",5,390837,6.51395
2025-08,Rock Argentino,"Folk Rock, Progressive Rock",3,390387,6.50645
2025-08,Rock Argentino,"Alternative Rock, Funk Rock, Hard Rock",4,363763,6.062716666666667
2025-08,Rock Argentino,"Hard Rock, Funk Rock, Folklore Rock",1,325960,5.432666666666667
2025-08,Indie Pop,"R&B Urbano, Bedroom Pop",3,314814,5.2469
2025-08,Rock Argentino,"Hard Rock, Art Rock",1,310173,5.16955
2025-08,Indie Rock,"Art Rock, Alternative Rock",5,282297,4.70495
2025-08,Rock Nacional,Pop Rock / Art Pop,3,265570,4.426166666666666
2025-08,Indie Rock,"New Wave, Synth-Pop",1,243333,4.05555
2025-08,Rock Argentino,"Post-Punk, Hard Rock",2,242716,4.045266666666667
2025-08,Indie Rock,"Punk Rock, Krautrock Argentino",1,241297,4.021616666666667
2025-08,Rock Argentino,"Psych Rock, Folk Rock, Canción de Autor",2,236640,3.944
2025-08,Urbano Latino,"Alternative Hip-Hop, Industrial Rap, Post-Punk",2,233651,3.8941833333333333
2025-08,Indie Rock,"Lo-Fi, Noise Pop, Post-Punk",2,232468,3.8744666666666667
2025-08,Canción de Autor,"Indie Pop, Folk Latinoamericano",2,214565,3.576083333333333
2025-08,Rock Argentino,"Hard Rock, Heavy Blues",2,213529,3.558816666666667
2025-08,Rock Argentino,"Reggae Rock, Post-Punk",1,210026,3.5004333333333335
2025-08,Indie Pop,"Electro-Pop, Performático",1,209133,3.48555
2025-08,Rock Argentino,"Art Rock, Jazz Rock, Folk Rock",2,203776,3.3962666666666665
2025-08,Indie Rock,"Punk Folk, Experimental Rock",1,193012,3.2168666666666668
2025-08,Urbano Latino,"Alternative R&B, Trap Pop",1,191448,3.1908
2025-08,Indie Folk,Canción Latinoamericana,1,191320,3.1886666666666668
2025-08,Indie Folk,"Acoustic, Folk Latinoamericano",1,179094,2.9849
2025-08,Indie Pop,"Psicodelia, Bedroom Pop",1,174357,2.90595
2025-08,Indie Pop,"Dream Pop, Slowcore",1,170326,2.838766666666667
2025-08,Urbano Latino,"Reggaeton, Trap Latino, Synth-Pop, Mambo",3,168988,2.816466666666667
2025-08,Indie Rock,"Garage Rock, Post-Punk",2,127630,2.1271666666666667
2025-08,Rock Argentino,"Progressive Rock, Art Pop, Symphonic Rock",1,125733,2.09555
2025-08,Indie Pop,Pop Rock / Synth-Pop,1,94160,1.5693333333333332
2025-08,Indie Rock,"Alternative Rock, Garage Rock",3,87513,1.45855
2025-08,Canción de Autor,"Indie Folk, Canción Platense",2,66229,1.1038166666666667
2025-08,Indie Pop,Pop Urbano,1,63466,1.0577666666666667
2025-08,Rock Argentino,"Hard Rock, Blues Rock, Proto-Punk, Folk Progresivo",4,55349,0.9224833333333333
2025-08,Indie Rock,"Jangle Pop, Bedroom Pop, Psychedelic Pop",1,44251,0.7375166666666667
2025-08,Indie Rock,"Lo-Fi, Alternative Rock",2,41020,0.6836666666666666
2025-08,Indie Rock,"Canción de Autor, Bedroom Pop",1,30713,0.5118833333333334
2025-08,Canción de Autor,"Jazz Fusion, Folklore Fusion, Pop Rock",1,24665,0.41108333333333336
2025-08,Indie Folk,"Americana, Acoustic",1,20072,0.33453333333333335
2025-08,Canción de Autor,"Candombe Beat, Folk Uruguayo",3,11841,0.19735
2025-08,Indie Rock,"Post-Punk, New Wave",1,7491,0.12485
2025-08,Urbano Latino,"Hip-Hop, Funk Carioca, Boom Bap, Trap",3,6085,0.10141666666666667
2025-08,Indie Pop,"Synth-Pop, Bedroom Pop",1,3827,0.06378333333333333
2025-08,Indie Folk,"Canción Latinoamericana, Avant-Garde Pop",1,2810,0.04683333333333333
2025-08,Indie Pop,"Dream Pop, R&B Soul",1,2733,0.04555
2025-08,Indie Rock,"Afro-Pop Fusion, Art Pop",1,2230,0.03716666666666667
2025-08,Indie Pop,"Jangle Pop, Post-Punk",1,2214,0.0369
2025-08,Rock Argentino,"Alternative Rock, Post-Punk, Shoegaze",1,2182,0.036366666666666665
2025-08,Indie Rock,"Indie Folk, Alternative Rock",1,1396,0.023266666666666668
2025-09,Urbano Latino,"Reggaeton, Trap Latino, Synth-Pop, Mambo",190,27499353,458.32255
2025-09,Urbano Latino,"Electro Funk, Alternative Trap, Hip-Hop",74,6704874,111.7479
2025-09,Nuevo Flamenco,"Latin Alternative, Bolero Fusion, Experimental Pop",53,5734385,95.57308333333333
2025-09,Urbano Latino,"Hip-Hop, Funk Carioca, Boom Bap, Trap",65,3962998,66.04996666666666
2025-09,Rock Argentino,"Pop Rock, New Wave, Progressive Rock",17,2874818,47.91363333333334
2025-09,Indie Rock,"Post-Punk, Space Rock, Noise Pop",21,2385153,39.75255
2025-09,Indie Rock,Post-Punk / Punk Rock,16,2271850,37.86416666666667
2025-09,Indie Pop,Funk Pop / Bedroom Pop,11,2127129,35.45215
2025-09,Indie Rock,"Art Rock, Alternative Rock",15,1780785,29.679750000000002
2025-09,Rock Argentino,"Alternative Rock, Electro-Rock, Pop Rock",21,1739556,28.9926
2025-09,Rock Argentino,"Art Rock, Alternative Rock, Electronic Fusion",6,1286972,21.449533333333335
2025-09,Urbano / Trap,EDM / Trap / Session Producer,16,1241820,20.697
2025-09,Indie Rock,Indie Pop / Rock Argentino / Pop Experimental,11,1105677,18.42795
2025-09,Rock Nacional,Rock Progresivo / Jazz Rock,7,957416,15.956933333333334
2025-09,Rock Nacional,Rock Stone / Blues Rock,4,936373,15.606216666666667
2025-09,Rock Argentino,"Pop Rock, Piano Rock",6,916834,15.280566666666665
2025-09,Indie Rock,"Canción de Autor, Bedroom Pop",4,847080,14.117999999999999
2025-09,Urbano Latino,Dembow / Trap Latino,9,812172,13.536200000000001
2025-09,Indie Rock,"Jangle Pop, Bedroom Pop, Psychedelic Pop",10,788742,13.1457
2025-09,Rock Argentino,"Reggae Rock, Post-Punk",5,783721,13.062016666666667
2025-09,Rock Argentino,"Progressive Rock, Art Pop, Symphonic Rock",11,783259,13.054316666666667
2025-09,Indie Rock,"Lo-Fi, Noise Pop, Post-Punk",4,737032,12.283866666666666
2025-09,Indie Rock,"Punk Folk, Experimental Rock",6,695764,11.596066666666667
2025-09,Indie Rock,Alternative Rock / Bedroom Pop,6,536042,8.934033333333334
2025-09,Urbano Latino,Trap Latino / Cumbia / R&B,6,534628,8.910466666666666
2025-09,Indie Rock,"Garage Rock, Post-Punk",6,533308,8.888466666666666
2025-09,Indie Pop,Synth-Pop / Disco Rock,2,518743,8.645716666666667
2025-09,Rock Argentino,"Art Rock, Jazz Rock, Folk Rock",9,509970,8.4995
2025-09,Indie Pop,"Jangle Pop, Post-Punk",3,475050,7.9174999999999995
2025-09,Indie Rock,Alternative Rock,6,453906,7.5651
2025-09,Rock Argentino,"Post-Punk, Hard Rock",2,446080,7.434666666666667
2025-09,Rock Argentino,"Folk Rock, Progressive Rock",6,434314,7.238566666666666
2025-09,Canción de Autor,"Indie Folk, Canción Platense",6,431808,7.1968
2025-09,Indie Pop,"Dream Pop, R&B Soul",2,416480,6.941333333333334
2025-09,Urbano Latino,"Alternative Hip-Hop, Industrial Rap, Post-Punk",4,408188,6.803133333333333
2025-09,Rock Argentino,Progressive Rock / Drummer,2,404960,6.749333333333333
2025-09,Indie Pop,"Canción de Autor, Art Pop",7,380099,6.334983333333334
2025-09,Rock Argentino,"Alternative Rock, Funk Rock, Hard Rock",5,345257,5.7542833333333325
2025-09,Rock Nacional,Rock Barrial,2,317040,5.284
2025-09,Indie Pop,"Electro-Pop, Performático",2,282718,4.711966666666667
2025-09,Urbano Latino,Pop Urbano,2,264774,4.4129
2025-09,Indie Rock,"Experimental, Dream Pop, Lo-Fi",3,264674,4.411233333333334
2025-09,Rock Argentino,Folk Rock / Folklore Fusion,3,261838,4.363966666666666
2025-09,Indie Pop,Indie Rock / Harmony Pop,1,257920,4.298666666666667
2025-09,Rock Argentino,Post-Punk / Tango Rock,2,242254,4.037566666666667
2025-09,Rock Argentino,"Hard Rock, Funk Rock, Folklore Rock",1,236946,3.9491
2025-09,Indie Rock,Post-Punk / Pop Rock,1,225423,3.75705
2025-09,Rock Nacional,Pop Rock / New Wave,3,224104,3.7350666666666665
2025-09,Indie Rock,"Lo-Fi, Alternative Rock",1,221333,3.6888833333333335
2025-09,Rock Argentino,"Murga Rock, Candombe Rock, Blues Rock",4,220000,3.666666666666667
2025-09,Indie Pop,Pop Rock / Synth-Pop,2,211343,3.5223833333333334
2025-09,Canción de Autor,"Folktronica, Indie Folk",1,206546,3.4424333333333332
2025-09,Rock Argentino,Hard Rock / Blues Rock,1,197855,3.2975833333333333
2025-09,Rock Argentino,Pop Rock / Folk,1,192914,3.2152333333333334
2025-09,Canción de Autor,Folk Fusion / Rock,3,189464,3.1577333333333333
2025-09,Indie Folk,Alt-Country / Acoustic,2,178597,2.9766166666666662
2025-09,Urbano Latino,Reggaeton / Pop Urbano,2,176709,2.94515
2025-09,Indie Pop,"Dream Pop, Slowcore",1,170326,2.838766666666667
2025-09,Indie Pop,Electronic / R&B,2,148032,2.4672
2025-09,Indie Rock,Indie Folk / Singer-Songwriter,2,145499,2.4249833333333335
2025-09,Indie Pop,Lo-Fi / Bedroom Pop,1,137737,2.2956166666666666
2025-09,Indie Pop,"R&B Urbano, Bedroom Pop",1,137052,2.2842
2025-09,Urbano Latino,Reggaeton / Neoperreo,2,110658,1.8443
2025-09,Canción de Autor,"Rock de Cámara, Experimental Folk",11,109397,1.8232833333333334
2025-09,Urbano Latino,Pop Urbano / Reggaeton,1,87778,1.4629666666666667
2025-09,Indie Pop,Pop Rock / Dream Pop,1,85360,1.4226666666666667
2025-09,Indie Folk,"Acoustic, Singer-Songwriter",6,77063,1.2843833333333334
2025-09,Indie Rock,"New Wave, Synth-Pop",3,70877,1.1812833333333335
2025-09,Indie Pop,Dream Pop / Bedroom Soul,1,46892,0.7815333333333333
2025-09,Indie Pop,Dream Pop / Synth-Pop,1,45125,0.7520833333333333
2025-09,Canción de Autor,"Jazz Fusion, Folklore Fusion, Pop Rock",2,35678,0.5946333333333333
2025-09,Indie Rock,"Art Rock, Synth-Pop, Dance Rock",3,24678,0.4113
2025-09,Urbano Latino,Reggaeton / RKT / Trap,1,18459,0.30765
2025-09,Rock Argentino,"Post-Punk, New Wave, Darkwave",1,16466,0.2744333333333333
2025-09,Indie Rock,"Post-Punk, New Wave",1,15738,0.2623
2025-09,Urbano Latino,Reggaeton / R&B Latino,1,15223,0.25371666666666665
2025-09,Indie Folk,"Canción Latinoamericana, Avant-Garde Pop",2,14957,0.24928333333333333
2025-09,Rock Argentino,"Psych Rock, Folk Rock, Canción de Autor",3,14317,0.23861666666666664
2025-09,Indie Folk,"Acoustic, Folk Latinoamericano",1,13292,0.22153333333333333
2025-09,Canción de Autor,"Candombe Beat, Folk Uruguayo",4,12846,0.2141
2025-09,Urbano Latino,Trap Argentino / Rap,1,12393,0.20655
2025-09,Indie Pop,Bedroom Pop / R&B,1,9711,0.16185
2025-09,Rock Argentino,"Hard Rock, Heavy Blues",2,9527,0.15878333333333333
2025-09,Urbano Latino,Cumbia / Turreo / RKT,1,8409,0.14015
2025-09,Indie Pop,"Indie Folk, Canción Pop / Canción Urbana",2,7410,0.1235
2025-09,Indie Pop,Dream Pop / Experimental,1,6151,0.10251666666666667
2025-09,Rock Argentino,"Hard Rock, Blues Rock, Proto-Punk, Folk Progresivo",2,5466,0.0911
2025-09,Rock Argentino,"Latin Rock, Ska Rock, Cumbia Rock",1,5380,0.08966666666666667
2025-09,Indie Pop,Dream Pop / Indie Rock,1,5030,0.08383333333333333
2025-09,Rock Argentino,Rock and Roll / Blues,1,4990,0.08316666666666667
2025-09,Indie Pop,Psychedelic Pop / Synth-Pop,1,4689,0.07815
2025-09,Indie Folk,"Americana, Acoustic",2,4662,0.07769999999999999
2025-09,Indie Rock,Lo-Fi / Experimental Rock,1,4566,0.0761
2025-09,Urbano Latino,Turreo / RKT / Cumbia,1,4538,0.07563333333333333
2025-09,Indie Pop,R&B / Bedroom Pop,2,3908,0.06513333333333333
2025-09,Urbano Latino,Reggaeton,1,2886,0.0481
2025-09,Rock Argentino,Folk Rock / Psychedelic Rock,2,2640,0.044
2025-09,Urbano Latino,Reggaeton / Trap Español,1,2473,0.041216666666666665
2025-09,Indie Pop,Pop Rock / Canción de Autor,1,2155,0.035916666666666666
2025-09,Rock Nacional,Pop Rock / Art Pop,1,2142,0.0357
2025-09,Indie Pop,Folk Pop / Singer-Songwriter,2,1827,0.03045
2025-09,Indie Rock,Experimental Pop / Hip-Hop,1,1758,0.0293
2025-09,Urbano Latino,DJ / Reggaeton / Trap,1,1100,0.018333333333333333
2025-09,Canción de Autor,Indie Folk / Rock Argentino,1,533,0.008883333333333333
2025-09,Canción de Autor,Folklore Fusion / Jazz,1,0,0.0
2025-09,Canción de Autor,Indie Folk,1,0,0.0
2025-10,Urbano Latino,"Reggaeton, Trap Latino, Synth-Pop, Mambo",120,13414027,223.56711666666666
2025-10,Urbano Latino,"Electro Funk, Alternative Trap, Hip-Hop",112,8304269,138.40448333333333
2025-10,Nuevo Flamenco,"Latin Alternative, Bolero Fusion, Experimental Pop",75,7909806,131.8301
2025-10,Rock Argentino,"Alternative Rock, Electro-Rock, Pop Rock",49,7060897,117.68161666666667
2025-10,Rock Argentino,"Pop Rock, New Wave, Progressive Rock",38,6518462,108.64103333333333
2025-10,Rock Argentino,"Progressive Rock, Art Pop, Symphonic Rock",26,4718042,78.63403333333333
2025-10,Indie Pop,Indie Rock / Lo-Fi,23,4089065,68.15108333333333
2025-10,Indie Pop,"Canción de Autor, Art Pop",35,3118479,51.97465
2025-10,Rock Argentino,"Post-Punk, Hard Rock",18,2658730,44.31216666666666
2025-10,Indie Rock,"Art Rock, Alternative Rock",14,2633727,43.895450000000004
2025-10,Urbano / Trap,EDM / Trap / Session Producer,15,2555437,42.59061666666667
2025-10,Rock Argentino,"Pop Rock, Piano Rock",19,2239282,37.32136666666666
2025-10,Urbano Latino,"Hip-Hop, Funk Carioca, Boom Bap, Trap",39,2180938,36.34896666666666
2025-10,Urbano / Trap,Trap Argentino / R&B,16,1930551,32.17585
2025-10,Rock Argentino,"Hard Rock, Blues Rock, Proto-Punk, Folk Progresivo",12,1875074,31.251233333333335
2025-10,Indie Rock,"Post-Punk, Space Rock, Noise Pop",16,1833678,30.5613
2025-10,Canción de Autor,"Indie Folk, Canción Platense",13,1671018,27.8503
2025-10,Indie Pop,"Indie Folk, Canción Pop / Canción Urbana",14,1627274,27.121233333333333
2025-10,Rock Argentino,"Hard Rock, Funk Rock, Folklore Rock",8,1469191,24.486516666666667
2025-10,Rock Argentino,"Murga Rock, Candombe Rock, Blues Rock",10,1350337,22.505616666666665
2025-10,Canción de Autor,Rumba / Folk Pop,6,1348222,22.470366666666667
2025-10,Rock Argentino,"Art Rock, Alternative Rock, Electronic Fusion",10,1250282,20.838033333333335
2025-10,Indie Pop,"Jangle Pop, Post-Punk",10,1202790,20.046499999999998
2025-10,Rock Nacional,Rock Stone / Blues Rock,6,1167195,19.45325
2025-10,Canción de Autor,"Folktronica, Indie Folk",9,1068983,17.81638333333333
2025-10,Indie Rock,Indie Pop / Rock Argentino / Pop Experimental,7,924750,15.4125
2025-10,Urbano Latino,Dembow / Trap Latino,12,903627,15.060450000000001
2025-10,Indie Rock,"Experimental, Dream Pop, Lo-Fi",7,888960,14.816
2025-10,Canción de Autor,"Rock de Cámara, Experimental Folk",7,872378,14.539633333333333
2025-10,Canción de Autor,Indie Folk / Jazz Latino,4,847863,14.131049999999998
2025-10,Indie Pop,Electropop / Art Pop,4,841522,14.025366666666667
2025-10,Indie Rock,"Canción de Autor, Bedroom Pop",4,826783,13.779716666666667
2025-10,Indie Rock,"Art Rock, Synth-Pop, Dance Rock",7,818352,13.6392
2025-10,Rock Argentino,Folk Rock / Psychedelic Rock,3,782294,13.038233333333332
2025-10,Canción de Autor,Folk Fusion / Rock,6,690648,11.5108
2025-10,Rock Argentino,"Art Rock, Jazz Rock, Folk Rock",11,643504,10.725066666666667
2025-10,Urbano Latino,"Alternative Hip-Hop, Industrial Rap, Post-Punk",5,597057,9.950949999999999
2025-10,Canción de Autor,Pop Folk / Latin Singer-Songwriter,5,564864,9.4144
2025-10,Indie Pop,Funk Pop / Psychedelic,5,506159,8.435983333333333
2025-10,Indie Folk,Canción de Autor,7,496026,8.2671
2025-10,Rock Argentino,Post-Punk / Tango Rock,2,482134,8.035566666666666
2025-10,Indie Rock,"Lo-Fi, Noise Pop, Post-Punk",5,477378,7.9563
2025-10,Indie Rock,"Garage Rock, Post-Punk",4,470935,7.848916666666667
2025-10,Indie Rock,"Lo-Fi, Alternative Rock",2,442666,7.377766666666667
2025-10,Indie Rock,Post-Punk / Pop Rock,2,434386,7.239766666666666
2025-10,Rock Nacional,Pop Rock / New Wave,2,433920,7.231999999999999
2025-10,Indie Rock,Garage Rock Revival / Post-Punk,4,421147,7.019116666666667
2025-10,Rock Argentino,Progressive Rock / Drummer,2,404960,6.749333333333333
2025-10,Rock Nacional,Pop Rock / Art Pop,4,401192,6.686533333333333
2025-10,Rock Argentino,"Latin Rock, Ska Rock, Cumbia Rock",3,326049,5.43415
2025-10,Rock Argentino,Post-Punk / Folklore Rock,3,290580,4.843
2025-10,Indie Folk,Alt-Country / Acoustic,3,282710,4.711833333333334
2025-10,Indie Rock,"Post-Punk, New Wave",2,264956,4.415933333333334
2025-10,Canción de Autor,Folk Latinoamericano / Tropical,1,264400,4.406666666666666
2025-10,Urbano Latino,R&B Latino / Hip-Hop / Trap,2,248340,4.139
2025-10,Indie Rock,"Punk Rock, Krautrock Argentino",1,241297,4.021616666666667
2025-10,Rock Argentino,"Alternative Rock, Funk Rock, Hard Rock",6,239473,3.991216666666667
2025-10,Indie Rock,"Jangle Pop, Bedroom Pop, Psychedelic Pop",2,233458,3.890966666666667
2025-10,Rock Argentino,Pop Rock,2,223920,3.732
2025-10,Rock Argentino,"Folk Rock, Progressive Rock",3,222205,3.7034166666666666
2025-10,Canción de Autor,"Candombe Beat, Folk Uruguayo",6,220198,3.6699666666666664
2025-10,Rock Argentino,"Hard Rock, Heavy Blues",3,218747,3.645783333333333
2025-10,Indie Folk,Folk Rock / Alt-Country,1,215837,3.5972833333333334
2025-10,Canción de Autor,Indie Folk,3,212765,3.5460833333333333
2025-10,Rock Argentino,"Reggae Rock, Post-Punk",1,210027,3.50045
2025-10,Rock Argentino,Alternative Rock / Post-Punk,1,209733,3.49555
2025-10,Indie Rock,"Indie Folk, Alternative Rock",1,200093,3.3348833333333334
2025-10,Rock Argentino,Pop Rock / Folk,1,192915,3.21525
2025-10,Indie Folk,Canción Latinoamericana,1,191321,3.1886833333333335
2025-10,Rock Argentino,"Psych Rock, Folk Rock, Canción de Autor",3,186368,3.106133333333333
2025-10,Indie Rock,Alternative Rock,1,185762,3.096033333333333
2025-10,Urbano Latino,Trap / Electro Funk,1,175610,2.926833333333333
2025-10,Indie Pop,"Dream Pop, Slowcore",3,173923,2.898716666666667
2025-10,Canción de Autor,Latin Fusion / Pop Folk,2,171955,2.8659166666666667
2025-10,Indie Pop,"Synth-Pop, Bedroom Pop",1,166950,2.7825
2025-10,Rock Nacional,Rock Barrial,2,160677,2.67795
2025-10,Indie Folk,"Acoustic, Singer-Songwriter",5,155605,2.5934166666666667
2025-10,Indie Folk,Jazz Latinoamericano / Bossa Nova,2,149305,2.4884166666666667
2025-10,Indie Rock,"Afro-Pop Fusion, Art Pop",1,137760,2.296
2025-10,Rock Nacional,Rock Progresivo / Jazz Rock,5,103148,1.7191333333333332
2025-10,Urbano Latino,Latin Alternative / Hip-Hop / Salsa,1,90980,1.5163333333333333
2025-10,Indie Pop,Indie Rock / Synth-Pop,1,89978,1.4996333333333334
2025-10,Rock Argentino,Hard Rock / Pop Rock,3,88350,1.4725
2025-10,Indie Pop,Pop Rock / Synth-Pop,2,87682,1.4613666666666667
2025-10,Urbano Latino,Dancehall / Reggaeton,3,80783,1.3463833333333333
2025-10,Indie Pop,Nu-Disco / Funk / Synth-Pop,1,60417,1.00695
2025-10,Urbano Latino,Reggaeton / Trap Producer,3,56566,0.9427666666666666
2025-10,Indie Pop,Bedroom Pop / Lo-Fi,1,36454,0.6075666666666667
2025-10,Urbano Latino,"Alternative R&B, Trap Pop",2,34794,0.5799000000000001
2025-10,Indie Pop,Psychedelic Pop / Synth-Pop,2,29879,0.49798333333333333
2025-10,Indie Pop,"Dream Pop, R&B Soul",1,17234,0.28723333333333334
2025-10,Urbano Latino,DJ / Reggaeton / Trap,1,16195,0.2699166666666667
2025-10,Indie Folk,"Canción Latinoamericana, Avant-Garde Pop",2,14351,0.23918333333333333
2025-10,Indie Pop,"R&B Urbano, Bedroom Pop",3,10521,0.17535
2025-10,Indie Pop,Pop Rock / Dream Pop,1,6332,0.10553333333333334
2025-10,Indie Rock,"New Wave, Synth-Pop",1,5307,0.08845
2025-10,Indie Rock,"Alternative Rock, Garage Rock",1,4920,0.082
2025-10,Indie Pop,Synth-Pop / Disco Rock,1,4177,0.06961666666666666
2025-10,Canción de Autor,Indie Folk / Rock Argentino,3,3584,0.05973333333333333
2025-10,Indie Pop,Indie Rock / Harmony Pop,1,2423,0.040383333333333334
2025-10,Rock Argentino,Rock and Roll / Blues,1,2323,0.03871666666666667
2025-10,Rock Argentino,"Post-Punk, New Wave, Darkwave",2,2311,0.038516666666666664
2025-10,Indie Rock,"Punk Folk, Experimental Rock",1,2283,0.03805
2025-10,Indie Pop,"Electro-Pop, Performático",1,2249,0.037483333333333334
2025-10,Urbano Latino,Reggaeton / Pop Urbano,2,1482,0.0247
2025-10,Rock Argentino,"Alternative Rock, Post-Punk, Shoegaze",1,1475,0.024583333333333332
2025-10,Urbano Latino,Trap Latino / Reggaeton,1,1420,0.023666666666666666
2025-10,Canción de Autor,"Jazz Fusion, Folklore Fusion, Pop Rock",1,1091,0.018183333333333333
2025-10,Indie Folk,Acoustic / Pop,1,565,0.009416666666666667
2025-10,Urbano Latino,Trap / R&B,1,0,0.0
2025-11,Nuevo Flamenco,"Latin Alternative, Bolero Fusion, Experimental Pop",176,26365441,439.42401666666666
2025-11,Indie Rock,"Jangle Pop, Bedroom Pop, Psychedelic Pop",46,8531100,142.185
2025-11,Indie Rock,Indie Rock Argentino / Post-Punk Revival,15,2980542,49.6757
2025-11,Urbano Latino,"Reggaeton, Trap Latino, Synth-Pop, Mambo",24,2789436,46.4906
2025-11,Rock Argentino,"Pop Rock, New Wave, Progressive Rock",32,2048988,34.1498
2025-11,Rock Argentino,"Alternative Rock, Electro-Rock, Pop Rock",30,1868083,31.134716666666666
2025-11,Indie Rock,Garage Rock Revival / Post-Punk,9,1610188,26.836466666666666
2025-11,Indie Rock,"Garage Rock, Post-Punk",12,1447056,24.1176
2025-11,Rock Argentino,"Progressive Rock, Art Pop, Symphonic Rock",10,1367750,22.795833333333334
2025-11,Urbano Latino,"Electro Funk, Alternative Trap, Hip-Hop",16,1366294,22.771566666666665
2025-11,Indie Rock,Post-Punk / Alternative,11,1166488,19.441466666666667
2025-11,Indie Rock,"Alternative Rock, Garage Rock",9,1067462,17.79103333333333
2025-11,Rock Argentino,"Art Rock, Jazz Rock, Folk Rock",12,1014294,16.9049
2025-11,Indie Pop,Indie Rock / Lo-Fi,15,934485,15.57475
2025-11,Indie Rock,"Post-Punk, Space Rock, Noise Pop",9,902195,15.036583333333333
2025-11,Rock Argentino,"Post-Punk, Hard Rock",8,881497,14.691616666666665
2025-11,Indie Pop,Indie Rock / Harmony Pop,4,789328,13.155466666666666
2025-11,Rock Argentino,"Pop Rock, Piano Rock",9,770130,12.8355
2025-11,Indie Rock,"Punk Folk, Experimental Rock",7,745978,12.432966666666665
2025-11,Indie Folk,"Acoustic, Singer-Songwriter",9,682103,11.368383333333332
2025-11,Canción de Autor,"Folktronica, Indie Folk",9,648115,10.801916666666667
2025-11,Indie Pop,"Canción de Autor, Art Pop",8,634417,10.573616666666666
2025-11,Rock Argentino,"Murga Rock, Candombe Rock, Blues Rock",8,623733,10.39555
2025-11,Rock Argentino,"Hard Rock, Funk Rock, Folklore Rock",5,604697,10.078283333333335
2025-11,Indie Pop,"Jangle Pop, Post-Punk",9,585327,9.75545
2025-11,Indie Pop,Electropop / Art Pop,8,581694,9.694899999999999
2025-11,Indie Pop,Folk / Contemporary R&B,3,557531,9.292183333333334
2025-11,Urbano Latino,"Alternative Hip-Hop, Industrial Rap, Post-Punk",8,545080,9.084666666666667
2025-11,Indie Rock,Indie Pop / Rock Argentino / Pop Experimental,9,539305,8.988416666666668
2025-11,Indie Rock,"Art Rock, Alternative Rock",12,532307,8.871783333333333
2025-11,Indie Pop,Pop Rock / Synth-Pop,4,526910,8.781833333333333
2025-11,Indie Pop,Electropop / Urban Pop,2,482492,8.041533333333334
2025-11,Canción de Autor,"Indie Folk, Canción Platense",8,478912,7.981866666666667
2025-11,Indie Folk,Bolero / Latin Fusion,2,472491,7.87485
2025-11,Canción de Autor,"Candombe Beat, Folk Uruguayo",6,468908,7.815133333333334
2025-11,Indie Rock,"Art Rock, Synth-Pop, Dance Rock",14,431203,7.186716666666667
2025-11,Canción de Autor,"Rock de Cámara, Experimental Folk",7,424146,7.0691
2025-11,Indie Folk,Canción de Autor / Bolero,4,408981,6.81635
2025-11,Rock Argentino,Progressive Rock / Drummer,4,407042,6.784033333333333
2025-11,Indie Rock,"Canción de Autor, Bedroom Pop",2,393434,6.557233333333333
2025-11,Indie Folk,Canción Latinoamericana,3,391357,6.522616666666667
2025-11,Rock Argentino,"Reggae Rock, Post-Punk",3,376000,6.266666666666667
2025-11,Indie Pop,"Dream Pop, Slowcore",4,350051,5.834183333333334
2025-11,Rock Nacional,Pop Rock / New Wave,6,345480,5.758
2025-11,Indie Rock,"Indie Folk, Alternative Rock",4,320293,5.338216666666667
2025-11,Indie Pop,"R&B Urbano, Bedroom Pop",3,276921,4.615349999999999
2025-11,Indie Pop,Acoustic,1,256859,4.280983333333333
2025-11,Indie Rock,Lo-Fi / Experimental,1,249917,4.165283333333333
2025-11,Rock Argentino,"Art Rock, Alternative Rock, Electronic Fusion",1,240973,4.016216666666667
2025-11,Rock Argentino,Post-Punk / Folklore Rock,3,230625,3.84375
2025-11,Canción de Autor,Indie Folk,1,228467,3.8077833333333335
2025-11,Indie Rock,"Lo-Fi, Alternative Rock",1,221333,3.6888833333333335
2025-11,Rock Argentino,Pop Rock,2,210427,3.5071166666666667
2025-11,Indie Pop,"Indie Folk, Canción Pop / Canción Urbana",6,209808,3.4968
2025-11,Rock Nacional,Pop Rock / Art Pop,4,208071,3.46785
2025-11,Indie Rock,"Post-Punk, New Wave",3,206716,3.4452666666666665
2025-11,Indie Rock,Experimental / Psych Folk,1,206451,3.44085
2025-11,Indie Folk,Acoustic / Canción de Autor,1,200173,3.3362166666666666
2025-11,Rock Argentino,"Hard Rock, Blues Rock, Proto-Punk, Folk Progresivo",4,195258,3.2542999999999997
2025-11,Urbano Latino,DJ / Reggaeton / Trap,1,195165,3.25275
2025-11,Indie Rock,MPB / Psychedelic Pop,1,195067,3.251116666666667
2025-11,Urbano Latino,"Hip-Hop, Funk Carioca, Boom Bap, Trap",15,192985,3.2164166666666665
2025-11,Urbano / Trap,EDM / Trap / Session Producer,3,188453,3.1408833333333335
2025-11,Indie Pop,"Synth-Pop, Bedroom Pop",3,182534,3.0422333333333333
2025-11,Rock Argentino,"Latin Rock, Ska Rock, Cumbia Rock",2,180680,3.0113333333333334
2025-11,Rock Nacional,Rock Progresivo / Jazz Rock,11,161357,2.689283333333333
2025-11,Indie Pop,R&B / Bedroom Pop,4,158958,2.6493
2025-11,Rock Nacional,Rock Barrial,2,158520,2.642
2025-11,Rock Argentino,Folk Rock / Psychedelic Rock,2,140394,2.3399
2025-11,Rock Argentino,"Folk Rock, Progressive Rock",8,116770,1.9461666666666666
2025-11,Canción de Autor,Folk Latinoamericano,1,105689,1.7614833333333333
2025-11,Indie Folk,"Americana, Acoustic",2,102440,1.7073333333333334
2025-11,Indie Rock,Surf Rock / Lo-Fi,1,99091,1.6515166666666667
2025-11,Indie Pop,Bedroom Pop / R&B,1,96817,1.6136166666666667
2025-11,Indie Pop,Pop Rock / Dream Pop,1,84100,1.4016666666666666
2025-11,Indie Folk,Alt-Country / Acoustic,2,66103,1.1017166666666667
2025-11,Indie Rock,"Experimental, Dream Pop, Lo-Fi",2,65890,1.0981666666666667
2025-11,Indie Rock,Indie Folk / Singer-Songwriter,1,59897,0.9982833333333333
2025-11,Indie Pop,Jangle Pop / Soft Rock,1,36768,0.6128
2025-11,Indie Pop,Latin Alternative / Singer-Songwriter,1,34774,0.5795666666666667
2025-11,Canción de Autor,Latin Fusion / Pop Folk,1,32306,0.5384333333333333
2025-11,Indie Folk,Canción de Autor,6,29157,0.48595
2025-11,Indie Pop,Pop Rock / Urban,4,27927,0.46545000000000003
2025-11,Canción de Autor,Experimental Folk,3,23886,0.3981
2025-11,Indie Rock,"Lo-Fi, Noise Pop, Post-Punk",6,17703,0.29505000000000003
2025-11,Indie Pop,Singer-Songwriter,4,16095,0.26825
2025-11,Indie Rock,Alternative Rock,2,12988,0.21646666666666667
2025-11,Canción de Autor,Folk Fusion / Rock,1,10945,0.18241666666666667
2025-11,Rock Argentino,"Psych Rock, Folk Rock, Canción de Autor",4,6926,0.11543333333333335
2025-11,Rock Argentino,"Alternative Rock, Post-Punk, Shoegaze",1,6145,0.10241666666666667
2025-11,Indie Folk,"Canción Latinoamericana, Avant-Garde Pop",2,4704,0.0784
2025-11,Indie Pop,Bedroom Pop / Lo-Fi,2,4387,0.07311666666666666
2025-11,Indie Pop,Funk Pop / Psychedelic,1,3607,0.060116666666666665
2025-11,Indie Pop,Psychedelic Pop / R&B,1,2320,0.03866666666666667
2025-11,Rock Argentino,"Hard Rock, Heavy Blues",3,1897,0.03161666666666667
2025-11,Indie Folk,Acoustic / Pop,1,1839,0.03065
2025-11,Rock Nacional,Rock Stone / Blues Rock,4,1811,0.030183333333333333
2025-11,Indie Pop,"Dream Pop, R&B Soul",2,1425,0.02375
2025-11,Rock Argentino,"Alternative Rock, Funk Rock, Hard Rock",4,1305,0.02175
2025-11,Canción de Autor,Folklore Fusion / Jazz,1,0,0.0
2025-11,Canción de Autor,Rumba / Folk Pop,1,0,0.0
2025-11,Indie Pop,Pop Urbano,1,0,0.0
2025-11,Indie Rock,"Afro-Pop Fusion, Art Pop",1,0,0.0
2025-11,Indie Rock,MPB / Post-Punk,1,0,0.0
2025-11,Indie Rock,"New Wave, Synth-Pop",1,0,0.0
2025-11,Indie Rock,Post-Punk / Pop Rock,1,0,0.0
2025-11,Urbano Latino,Dembow / Trap Latino,1,0,0.0
2025-12,Indie Pop,Electropop / Indie Chileno,53,9010758,150.1793
2025-12,Rock Argentino,"Art Rock, Alternative Rock, Electronic Fusion",33,3443291,57.38818333333334
2025-12,Indie Folk,Canción Latinoamericana,32,3405454,56.75756666666667
2025-12,Indie Pop,"Canción de Autor, Art Pop",28,3303632,55.06053333333333
2025-12,Rock Nacional,Rock Stone / Blues Rock,19,2955192,49.2532
2025-12,Indie Folk,Folk / Canción de Autor,20,2739461,45.65768333333333
2025-12,Rock Nacional,Rock Argentino / Reggae Rock,14,2593741,43.229016666666666
2025-12,Rock Nacional,Rock Argentino / Blues Rock,13,2536217,42.27028333333333
2025-12,Indie Folk,Folk Pop / Acoustic / Latin Alternative,16,2091984,34.8664
2025-12,Indie Pop,Alternative / Bedroom Pop,15,1846457,30.774283333333333
2025-12,Rock Argentino,"Pop Rock, New Wave, Progressive Rock",16,1677353,27.955883333333333
2025-12,Urbano Latino,"Reggaeton, Trap Latino, Synth-Pop, Mambo",11,1475502,24.5917
2025-12,Rock Argentino,"Alternative Rock, Electro-Rock, Pop Rock",13,1441489,24.024816666666666
2025-12,Indie Rock,Reggae Rock / Psychedelic,8,1430772,23.8462
2025-12,Rock Argentino,"Murga Rock, Candombe Rock, Blues Rock",9,1428020,23.800333333333334
2025-12,Nuevo Flamenco,"Latin Alternative, Bolero Fusion, Experimental Pop",11,1242101,20.70168333333333
2025-12,Indie Rock,Indie Pop / Rock Argentino / Pop Experimental,10,1227945,20.46575
2025-12,Rock Argentino,"Art Rock, Jazz Rock, Folk Rock",10,1102704,18.3784
2025-12,Rock Argentino,"Progressive Rock, Art Pop, Symphonic Rock",7,1082455,18.040916666666668
2025-12,Urbano Latino,Rap Punk / Cumbia / Dancehall,6,1038175,17.30291666666667
2025-12,Indie Pop,Indie Folk / Pop Tropical,7,991940,16.532333333333334
2025-12,Indie Pop,Synth-Pop / Disco Rock,5,986665,16.444416666666665
2025-12,Indie Pop,Indie Rock / Lo-Fi,7,898763,14.979383333333335
2025-12,Indie Rock,"Jangle Pop, Bedroom Pop, Psychedelic Pop",2,845226,14.0871
2025-12,Indie Rock,"Art Rock, Synth-Pop, Dance Rock",10,843003,14.05005
2025-12,Urbano Latino,"Electro Funk, Alternative Trap, Hip-Hop",12,704627,11.743783333333333
2025-12,Rock Nacional,Rock Barrial,6,703777,11.729616666666667
2025-12,Indie Folk,Canción de Autor,6,697114,11.618566666666666
2025-12,Rock Argentino,"Hard Rock, Funk Rock, Folklore Rock",8,677129,11.285483333333334
2025-12,Indie Rock,"Post-Punk, Space Rock, Noise Pop",9,671702,11.195033333333335
2025-12,Indie Rock,"Garage Rock, Post-Punk",6,661002,11.0167
2025-12,Rock Argentino,"Reggae Rock, Post-Punk",6,649596,10.8266
2025-12,Indie Rock,"Experimental, Dream Pop, Lo-Fi",4,642336,10.7056
2025-12,Indie Folk,Psych Folk / Americana,4,616331,10.272183333333334
2025-12,Rock Argentino,"Hard Rock, Heavy Blues",4,583458,9.7243
2025-12,Rock Argentino,"Hard Rock, Blues Rock, Proto-Punk, Folk Progresivo",6,567970,9.466166666666666
2025-12,Rock Argentino,"Pop Rock, Piano Rock",8,543820,9.063666666666666
2025-12,Indie Rock,"Art Rock, Alternative Rock",6,537025,8.950416666666666
2025-12,Canción de Autor,"Folktronica, Indie Folk",9,526611,8.77685
2025-12,Indie Pop,Lo-Fi / Bedroom Pop,3,454602,7.5767
2025-12,Indie Pop,Dream Pop / Bedroom Soul,2,454468,7.574466666666667
2025-12,Indie Rock,"Canción de Autor, Bedroom Pop",3,450357,7.50595
2025-12,Rock Argentino,"Alternative Rock, Funk Rock, Hard Rock",6,438867,7.31445
2025-12,Indie Pop,Psychedelic Pop / R&B,2,437956,7.299266666666667
2025-12,Indie Folk,"Acoustic, Singer-Songwriter",4,429866,7.164433333333333
2025-12,Indie Pop,"Indie Folk, Canción Pop / Canción Urbana",5,402396,6.706599999999999
2025-12,Indie Rock,MPB / Post-Punk,2,401476,6.6912666666666665
2025-12,Indie Rock,Alt-Country / Experimental Rock,4,396013,6.600216666666666
2025-12,Canción de Autor,Pop Folk / Latin Singer-Songwriter,9,391835,6.530583333333333
2025-12,Indie Pop,Pop Rock / Synth-Pop,5,386624,6.443733333333333
2025-12,Urbano Latino,"Hip-Hop, Funk Carioca, Boom Bap, Trap",6,366800,6.113333333333332
2025-12,Urbano / Trap,EDM / Trap / Session Producer,2,348985,5.816416666666667
2025-12,Indie Pop,Bedroom Pop / Minimal Pop,2,345525,5.75875
2025-12,Canción de Autor,Indie Folk,4,301099,5.018316666666667
2025-12,Rock Nacional,Pop Rock / New Wave,1,297493,4.958216666666667
2025-12,Indie Rock,Alternative Rock,1,290888,4.848133333333333
2025-12,Indie Folk,Acoustic / Pop,4,283104,4.7184
2025-12,Indie Pop,Electropop / Urban Pop,2,275516,4.591933333333333
2025-12,Canción de Autor,"Indie Folk, Canción Platense",6,269625,4.49375
2025-12,Indie Pop,Electropop / Synth-Pop,2,268427,4.4737833333333334
2025-12,Rock Argentino,Pop Rock,1,267440,4.457333333333334
2025-12,Indie Rock,Alternative,4,260039,4.333983333333333
2025-12,Indie Pop,Psychedelic Pop / Synth-Pop,2,258997,4.3166166666666665
2025-12,Indie Pop,Electropop / Ambient Pop,1,255592,4.2598666666666665
2025-12,Indie Pop,Pop Urbano / Bedroom Pop,1,252932,4.215533333333333
2025-12,Indie Rock,Indie Rock Argentino / Post-Punk Revival,2,250130,4.168833333333334
2025-12,Indie Pop,Electropop / Latin Fusion,1,244329,4.07215
2025-12,Rock Argentino,"Post-Punk, Hard Rock",2,242081,4.034683333333333
2025-12,Indie Rock,"Punk Rock, Krautrock Argentino",1,241297,4.021616666666667
2025-12,Rock Argentino,Post-Punk / Tango Rock,1,241067,4.017783333333333
2025-12,Indie Rock,Post-Punk / Dance-Punk,1,239920,3.998666666666667
2025-12,Indie Rock,"Lo-Fi, Noise Pop, Post-Punk",4,235402,3.9233666666666664
2025-12,Indie Folk,Jazz Latinoamericano / Bossa Nova,3,231114,3.8519
2025-12,Indie Pop,Indie Folk / Singer-Songwriter,2,228450,3.8075
2025-12,Indie Pop,Chillwave / Electronic,1,228062,3.8010333333333333
2025-12,Canción de Autor,"Rock de Cámara, Experimental Folk",6,223188,3.7198
2025-12,Rock Nacional,Pop Rock / Art Pop,3,221272,3.6878666666666664
2025-12,Indie Rock,Indie Folk / Alternative,2,216236,3.6039333333333334
2025-12,Rock Argentino,Alternative Rock / Post-Punk,1,209733,3.49555
2025-12,Indie Pop,Bedroom Pop,1,209113,3.4852166666666666
2025-12,Indie Folk,Bolero / Latin Fusion,1,208659,3.47765
2025-12,Indie Folk,Acoustic / Canción de Autor,3,204967,3.4161166666666665
2025-12,Rock Argentino,Pop Rock / Canción de Autor,1,202822,3.3803666666666667
2025-12,Indie Pop,Pop Rock / Canción de Autor,1,201878,3.3646333333333334
2025-12,Indie Pop,Electropop / Latin Alternative,1,201290,3.354833333333333
2025-12,Urbano Latino,"Alternative Hip-Hop, Industrial Rap, Post-Punk",3,198340,3.3056666666666663
2025-12,Indie Pop,Dream Pop / Experimental,3,194425,3.240416666666667
2025-12,Canción de Autor,Folk Fusion / Rock,4,194020,3.2336666666666667
2025-12,Indie Pop,Electropop / Art Pop,2,193362,3.2226999999999997
2025-12,Indie Folk,Singer-Songwriter,1,190983,3.18305
2025-12,Urbano Latino,Alternative Hip-Hop / Latin Fusion,1,189867,3.16445
2025-12,Canción de Autor,"Jazz Fusion, Folklore Fusion, Pop Rock",4,184277,3.0712833333333336
2025-12,Rock Nacional,Rock Progresivo / Jazz Rock,3,182095,3.0349166666666667
2025-12,Canción de Autor,"Indie Pop, Folk Latinoamericano",3,174921,2.91535
2025-12,Indie Rock,Garage Rock / Psychedelic,1,164804,2.7467333333333332
2025-12,Canción de Autor,"Candombe Beat, Folk Uruguayo",5,164741,2.7456833333333335
2025-12,Indie Rock,"Post-Punk, New Wave",2,157731,2.6288500000000004
2025-12,Indie Pop,Canción de Autor / Folk,1,148007,2.4667833333333333
2025-12,Urbano Latino,Dembow / Trap Latino,1,144019,2.400316666666667
2025-12,Indie Pop,"R&B Urbano, Bedroom Pop",2,138217,2.3036166666666666
2025-12,Canción de Autor,Latin Fusion / Pop Folk,3,128421,2.14035
2025-12,Indie Rock,Dance-Rock / Post-Punk,8,102488,1.7081333333333335
2025-12,Rock Argentino,"Psych Rock, Folk Rock, Canción de Autor",1,98053,1.6342166666666667
2025-12,Indie Pop,"Synth-Pop, Bedroom Pop",1,81783,1.36305
2025-12,Rock Argentino,"Latin Rock, Ska Rock, Cumbia Rock",1,66357,1.10595
2025-12,Indie Pop,R&B / Bedroom Pop,2,39664,0.6610666666666667
2025-12,Indie Rock,Indie Folk / Americana,1,33583,0.5597166666666666
2025-12,Urbano Latino,Alternative R&B / Pop Urbano,1,27916,0.46526666666666666
2025-12,Indie Rock,"Punk Folk, Experimental Rock",2,27454,0.4575666666666667
2025-12,Canción de Autor,Rumba / Reggae / Folk Fusion,2,25064,0.41773333333333335
2025-12,Rock Argentino,Folk Rock / Psychedelic Rock,2,22200,0.37
2025-12,Indie Folk,Alt-Country / Acoustic,1,19868,0.33113333333333334
2025-12,Rock Argentino,Pop Rock / Fusion,1,19460,0.3243333333333333
2025-12,Indie Pop,Pop Rock / Urban,1,17443,0.2907166666666667
2025-12,Indie Pop,Funk Pop / Psychedelic,2,16390,0.27316666666666667
2025-12,Rock Argentino,Blues Rock / Psicodelia,2,12731,0.21218333333333333
2025-12,Indie Pop,Dream Pop / Latin Pop,1,8840,0.14733333333333334
2025-12,Indie Folk,Folk Rock / Alt-Country,1,6274,0.10456666666666667
2025-12,Indie Folk,Alt-Country / Soul,1,6267,0.10445
2025-12,Indie Rock,Indie Pop / Alternative,1,5817,0.09695
2025-12,Indie Rock,Americana / Roots Rock,1,5523,0.09205
2025-12,Indie Folk,"Canción Latinoamericana, Avant-Garde Pop",3,5083,0.08471666666666666
2025-12,Indie Rock,"New Wave, Synth-Pop",1,5052,0.0842
2025-12,Rock Argentino,"Post-Punk, New Wave, Darkwave",1,4957,0.08261666666666667
2025-12,Indie Rock,Post-Punk,4,4669,0.07781666666666667
2025-12,Canción de Autor,Experimental Folk,1,4283,0.07138333333333333
2025-12,Rock Argentino,"Folk Rock, Progressive Rock",3,3485,0.058083333333333334
2025-12,Indie Pop,Latin Alternative / Ambient,1,2864,0.047733333333333336
2025-12,Indie Pop,Alternative R&B / Trip-Hop,1,2754,0.0459
2025-12,Indie Pop,"Psicodelia, Bedroom Pop",1,2567,0.04278333333333333
2025-12,Indie Folk,Lo-Fi / Folk Chileno,1,2280,0.038
2025-12,Indie Rock,Psychedelic Pop / Alt-Pop,1,2235,0.03725
2025-12,Indie Rock,"Afro-Pop Fusion, Art Pop",1,1853,0.030883333333333332
2025-12,Rock Argentino,Progressive Rock / Drummer,1,1841,0.030683333333333333
2025-12,Indie Rock,Emo / Alternative,1,1822,0.030366666666666667
2025-12,Indie Rock,Lo-Fi / Experimental Rock,1,1493,0.024883333333333334
2025-12,Rock Argentino,Folk Rock / Folklore Fusion,1,1431,0.02385
2025-12,Indie Pop,Bedroom Pop / Lo-Fi,1,1384,0.023066666666666666
2025-12,Canción de Autor,Folk Latinoamericano / Tropical,1,1268,0.021133333333333334
2025-12,Indie Rock,Indie Folk / Singer-Songwriter,1,1025,0.017083333333333332
2025-12,Indie Pop,"Electro-Pop, Performático",1,973,0.016216666666666667
2025-12,Indie Folk,Indie Pop / Electronic,1,739,0.012316666666666667
2025-12,Indie Rock,Garage Rock Revival / Post-Punk,2,336,0.005600000000000001
2025-12,Indie Rock,"Indie Folk, Alternative Rock",1,150,0.0025
2025-12,Urbano Latino,Reggaeton / Pop Latino,1,0,0.0
2026-01,Indie Folk,Folk / Canción de Autor,69,11237446,187.29076666666668
2026-01,Urbano / Trap,Trap Argentino / R&B,48,7832379,130.53965
2026-01,Rock Nacional,Rock Stone / Blues Rock,24,4204907,70.08178333333333
2026-01,Rock Argentino,"Progressive Rock, Art Pop, Symphonic Rock",16,3997403,66.62338333333334
2026-01,Indie Rock,"Post-Punk, Space Rock, Noise Pop",12,2165466,36.0911
2026-01,Rock Argentino,"Art Rock, Alternative Rock, Electronic Fusion",12,2146829,35.780483333333336
2026-01,Rock Argentino,"Murga Rock, Candombe Rock, Blues Rock",17,1957180,32.61966666666667
2026-01,Rock Argentino,"Reggae Rock, Post-Punk",10,1735210,28.920166666666667
2026-01,Rock Nacional,Rock Argentino / Reggae Rock,6,1684388,28.073133333333335
2026-01,Indie Folk,Canción Latinoamericana,14,1549949,25.832483333333332
2026-01,Canción de Autor,Folk Fusion / Rock,14,1543558,25.725966666666668
2026-01,Indie Folk,Folk Pop / Acoustic / Latin Alternative,9,1432196,23.869933333333332
2026-01,Rock Nacional,Rock Argentino / Blues Rock,7,1414085,23.568083333333334
2026-01,Indie Rock,"Experimental, Dream Pop, Lo-Fi",7,1307389,21.789816666666667
2026-01,Indie Pop,Indie Rock / Lo-Fi,11,1223745,20.39575
2026-01,Rock Argentino,"Art Rock, Jazz Rock, Folk Rock",9,1163424,19.3904
2026-01,Rock Argentino,"Post-Punk, Hard Rock",7,1161496,19.358266666666665
2026-01,Rock Argentino,"Pop Rock, New Wave, Progressive Rock",17,1102499,18.374983333333333
2026-01,Nuevo Flamenco,"Latin Alternative, Bolero Fusion, Experimental Pop",6,961341,16.02235
2026-01,Indie Rock,"Alternative Rock, Garage Rock",5,896564,14.942733333333333
2026-01,Indie Rock,"Art Rock, Synth-Pop, Dance Rock",7,872571,14.54285
2026-01,Indie Pop,Indie Folk / Pop Tropical,5,870181,14.503016666666666
2026-01,Indie Rock,"Jangle Pop, Bedroom Pop, Psychedelic Pop",6,825829,13.763816666666667
2026-01,Indie Pop,Electropop / Indie Chileno,8,817867,13.631116666666667
2026-01,Indie Folk,Canción de Autor,7,814698,13.5783
2026-01,Rock Nacional,Rock Progresivo / Jazz Rock,7,805696,13.428266666666666
2026-01,Indie Pop,"Canción de Autor, Art Pop",6,759385,12.656416666666667
2026-01,Urbano Latino,"Reggaeton, Trap Latino, Synth-Pop, Mambo",6,738637,12.310616666666668
2026-01,Canción de Autor,Pop Folk / Latin Singer-Songwriter,3,685123,11.418716666666667
2026-01,Canción de Autor,"Folktronica, Indie Folk",4,680452,11.340866666666667
2026-01,Rock Argentino,"Alternative Rock, Electro-Rock, Pop Rock",10,672770,11.212833333333334
2026-01,Canción de Autor,"Indie Folk, Canción Platense",4,656945,10.949083333333334
2026-01,Indie Pop,Pop Rock / Synth-Pop,7,646254,10.770900000000001
2026-01,Rock Argentino,"Hard Rock, Funk Rock, Folklore Rock",6,628287,10.47145
2026-01,Indie Rock,"Art Rock, Alternative Rock",7,547561,9.126016666666667
2026-01,Indie Rock,"Punk Folk, Experimental Rock",3,494938,8.248966666666666
2026-01,Indie Rock,Indie Rock Argentino / Post-Punk Revival,3,490197,8.16995
2026-01,Indie Pop,Electropop / Urban Pop,2,482492,8.041533333333334
2026-01,Rock Argentino,"Pop Rock, Piano Rock",6,480408,8.0068
2026-01,Rock Nacional,Rock Barrial,3,449712,7.4952000000000005
2026-01,Rock Argentino,Post-Punk / Folklore Rock,3,411486,6.8581
2026-01,Indie Rock,"Lo-Fi, Noise Pop, Post-Punk",3,366563,6.109383333333334
2026-01,Rock Argentino,"Folk Rock, Progressive Rock",3,357840,5.964
2026-01,Indie Pop,Synth-Pop / Disco Rock,2,352484,5.874733333333333
2026-01,Indie Pop,"Indie Folk, Canción Pop / Canción Urbana",5,340822,5.680366666666666
2026-01,Indie Pop,"R&B Urbano, Bedroom Pop",3,326020,5.433666666666666
2026-01,Indie Rock,Indie Pop / Rock Argentino / Pop Experimental,7,322715,5.378583333333334
2026-01,Rock Nacional,Rock Stone / Barrial,2,293160,4.886
2026-01,Indie Pop,Electropop / Art Pop,3,290955,4.84925
2026-01,Rock Argentino,Pop Rock / Indie Pop,2,281649,4.6941500000000005
2026-01,Indie Folk,Alt-Country / Acoustic,1,280000,4.666666666666667
2026-01,Rock Argentino,"Latin Rock, Ska Rock, Cumbia Rock",2,277144,4.619066666666667
2026-01,Canción de Autor,Folk Latinoamericano / Tropical,1,264400,4.406666666666666
2026-01,Indie Folk,"Acoustic, Singer-Songwriter",1,264187,4.403116666666667
2026-01,Rock Argentino,Post-Punk / Tango Rock,1,241067,4.017783333333333
2026-01,Urbano Latino,Alternative Hip-Hop / Latin Fusion,1,234133,3.9022166666666664
2026-01,Indie Rock,Post-Punk / Pop Rock,3,228403,3.806716666666667
2026-01,Indie Folk,Folk Rock / Alt-Country,1,215837,3.5972833333333334
2026-01,Rock Argentino,Pop Rock,2,212107,3.5351166666666667
2026-01,Canción de Autor,"Rock de Cámara, Experimental Folk",2,206902,3.448366666666667
2026-01,Rock Argentino,Progressive Rock / Drummer,1,202480,3.3746666666666667
2026-01,Indie Rock,MPB / Post-Punk,1,200738,3.3456333333333332
2026-01,Rock Nacional,Pop Rock / New Wave,2,194606,3.243433333333333
2026-01,Indie Folk,Acoustic / Pop,1,188400,3.14
2026-01,Indie Folk,Jazz Latinoamericano / Bossa Nova,1,186210,3.1035
2026-01,Canción de Autor,Latin Fusion / Pop Folk,2,171724,2.8620666666666668
2026-01,Indie Rock,"Post-Punk, New Wave",1,155688,2.5948
2026-01,Rock Argentino,"Alternative Rock, Funk Rock, Hard Rock",6,152909,2.548483333333333
2026-01,Indie Pop,Funk Pop / Psychedelic,1,148918,2.4819666666666667
2026-01,Rock Argentino,Folk Rock / Psychedelic Rock,1,139227,2.32045
2026-01,Indie Rock,"Garage Rock, Post-Punk",4,126918,2.1153
2026-01,Indie Rock,"Canción de Autor, Bedroom Pop",2,103539,1.72565
2026-01,Rock Argentino,"Hard Rock, Blues Rock, Proto-Punk, Folk Progresivo",4,78455,1.307583333333333
2026-01,Urbano Latino,"Alternative Hip-Hop, Industrial Rap, Post-Punk",2,54755,0.9125833333333333
2026-01,Indie Pop,"Synth-Pop, Bedroom Pop",1,35813,0.5968833333333333
2026-01,Canción de Autor,"Jazz Fusion, Folklore Fusion, Pop Rock",1,35139,0.58565
2026-01,Canción de Autor,"Candombe Beat, Folk Uruguayo",2,23647,0.39411666666666667
2026-01,Rock Argentino,Blues Rock / Psicodelia,1,18625,0.3104166666666667
2026-01,Rock Argentino,"Hard Rock, Art Rock",1,18419,0.30698333333333333
2026-01,Rock Argentino,"Hard Rock, Heavy Blues",2,16596,0.2766
2026-01,Indie Pop,"Jangle Pop, Post-Punk",2,15180,0.253
2026-01,Indie Pop,Pop Rock / Canción de Autor,2,14256,0.2376
2026-01,Indie Folk,Psych Folk / Americana,1,7287,0.12145
2026-01,Indie Rock,"New Wave, Synth-Pop",1,5991,0.09985
2026-01,Indie Rock,Lo-Fi / Experimental Rock,3,5118,0.0853
2026-01,Urbano Latino,DJ / Reggaeton / Trap,1,3650,0.060833333333333336
2026-01,Canción de Autor,Indie Folk / Rock Argentino,1,3601,0.06001666666666667
2026-01,Urbano Latino,"Alternative R&B, Trap Pop",1,2074,0.03456666666666667
2026-01,Rock Argentino,"Alternative Rock, Post-Punk, Shoegaze",1,1821,0.03035
2026-01,Indie Pop,"Dream Pop, Slowcore",1,1522,0.025366666666666666
2026-01,Rock Argentino,Folk Rock / Folklore Fusion,1,1299,0.02165
2026-01,Indie Pop,"Electro-Pop, Performático",1,1011,0.01685
2026-01,Urbano Latino,"Electro Funk, Alternative Trap, Hip-Hop",1,864,0.0144
2026-01,Rock Argentino,"Psych Rock, Folk Rock, Canción de Autor",1,0,0.0
2026-02,Urbano Latino,"Reggaeton, Trap Latino, Synth-Pop, Mambo",41,5488290,91.4715
2026-02,Indie Folk,Indie Rock / Bedroom Pop,19,3799306,63.32176666666667
2026-02,Indie Folk,Folk / Canción de Autor,16,2973389,49.55648333333333
2026-02,Canción de Autor,"Rock de Cámara, Experimental Folk",10,2546049,42.434149999999995
2026-02,Indie Rock,"Jangle Pop, Bedroom Pop, Psychedelic Pop",12,1959072,32.6512
2026-02,Urbano / Trap,Trap Argentino / R&B,13,1825788,30.4298
2026-02,Rock Nacional,Blues Rock / Hard Rock / Indie Rock,8,1702506,28.3751
2026-02,Rock Argentino,"Progressive Rock, Art Pop, Symphonic Rock",9,1435520,23.925333333333334
2026-02,Indie Rock,"Experimental, Dream Pop, Lo-Fi",7,1389921,23.16535
2026-02,Rock Argentino,"Pop Rock, New Wave, Progressive Rock",9,1330476,22.174599999999998
2026-02,Canción de Autor,Folk Rock / Indie Pop Español,7,1207061,20.117683333333336
2026-02,Rock Argentino,"Reggae Rock, Post-Punk",9,1013554,16.892566666666667
2026-02,Indie Rock,Indie Rock Argentino / Post-Punk Revival,4,977548,16.292466666666666
2026-02,Indie Pop,Electropop / Indie Chileno,6,958233,15.97055
2026-02,Indie Folk,Folk Pop / Acoustic / Latin Alternative,6,944629,15.743816666666667
2026-02,Rock Argentino,"Art Rock, Alternative Rock, Electronic Fusion",5,924081,15.40135
2026-02,Indie Rock,"Art Rock, Synth-Pop, Dance Rock",8,896773,14.946216666666668
2026-02,Indie Pop,Indie Folk / Pop Tropical,5,885265,14.754416666666668
2026-02,Nuevo Flamenco,"Latin Alternative, Bolero Fusion, Experimental Pop",17,818321,13.638683333333333
2026-02,Indie Rock,"Post-Punk, Space Rock, Noise Pop",7,780712,13.011866666666668
2026-02,Indie Pop,"Dream Pop, Slowcore",4,676073,11.267883333333334
2026-02,Indie Folk,Canción Latinoamericana,5,639201,10.65335
2026-02,Rock Nacional,Rock Argentino / Blues Rock,4,610342,10.172366666666667
2026-02,Indie Pop,Indie Rock / Lo-Fi,3,554635,9.243916666666667
2026-02,Rock Nacional,Rock Stone / Blues Rock,4,519972,8.6662
2026-02,Rock Argentino,"Alternative Rock, Electro-Rock, Pop Rock",3,467198,7.7866333333333335
2026-02,Canción de Autor,Pop Folk / Latin Singer-Songwriter,2,463261,7.721016666666666
2026-02,Rock Argentino,"Post-Punk, Hard Rock",2,463147,7.719116666666666
2026-02,Rock Argentino,Pop Rock / Canción de Autor,3,408055,6.800916666666667
2026-02,Rock Argentino,"Hard Rock, Blues Rock, Proto-Punk, Folk Progresivo",4,401305,6.688416666666667
2026-02,Indie Rock,"Indie Folk, Alternative Rock",2,400186,6.669766666666667
2026-02,Rock Argentino,"Folk Rock, Progressive Rock",3,289048,4.817466666666667
2026-02,Indie Rock,"Post-Punk, New Wave",1,272813,4.546883333333334
2026-02,Indie Rock,"Punk Folk, Experimental Rock",3,257701,4.295016666666666
2026-02,Indie Pop,Electropop / Urban Pop,1,241246,4.020766666666667
2026-02,Rock Argentino,Post-Punk / Tango Rock,1,241067,4.017783333333333
2026-02,Indie Rock,"Lo-Fi, Alternative Rock",2,222422,3.7070333333333334
2026-02,Indie Folk,Canción de Autor,3,219310,3.6551666666666667
2026-02,Canción de Autor,Indie Folk,2,215879,3.5979833333333335
2026-02,Rock Argentino,Pop Rock,1,210427,3.5071166666666667
2026-02,Indie Pop,Pop Rock / Synth-Pop,2,199425,3.32375
2026-02,Urbano Latino,DJ / Reggaeton / Trap,1,195165,3.25275
2026-02,Rock Nacional,Pop Rock / New Wave,1,188240,3.1373333333333333
2026-02,Canción de Autor,Folk Latinoamericano / Jazz / Flamenco,4,185316,3.0886
2026-02,Rock Argentino,Post-Punk / Folklore Rock,1,179679,2.99465
2026-02,Rock Argentino,"Hard Rock, Heavy Blues",1,173874,2.8979
2026-02,Indie Rock,Indie Pop / Rock Argentino / Pop Experimental,2,166981,2.7830166666666667
2026-02,Rock Argentino,"Art Rock, Jazz Rock, Folk Rock",3,153830,2.563833333333333
2026-02,Indie Rock,"Garage Rock, Post-Punk",1,153800,2.5633333333333335
2026-02,Urbano Latino,"Electro Funk, Alternative Trap, Hip-Hop",5,151184,2.5197333333333334
2026-02,Indie Pop,Twee Pop / Elefant Records,2,147052,2.4508666666666667
2026-02,Indie Pop,"Canción de Autor, Art Pop",1,140650,2.3441666666666667
2026-02,Indie Pop,"R&B Urbano, Bedroom Pop",1,137053,2.2842166666666666
2026-02,Rock Nacional,Rock Barrial,3,106208,1.7701333333333333
2026-02,Indie Pop,Folk / Contemporary R&B,1,69110,1.1518333333333333
2026-02,Indie Rock,Lo-Fi / Experimental Rock,1,66190,1.1031666666666666
2026-02,Indie Rock,"Art Rock, Alternative Rock",5,47833,0.7972166666666667
2026-02,Rock Nacional,Rock Progresivo / Jazz Rock,1,34271,0.5711833333333334
2026-02,Indie Folk,Folk Rock / Alt-Country,1,24928,0.41546666666666665
2026-02,Canción de Autor,"Candombe Beat, Folk Uruguayo",1,21962,0.3660333333333333
2026-02,Rock Argentino,"Murga Rock, Candombe Rock, Blues Rock",3,15951,0.26585
2026-02,Rock Argentino,"Pop Rock, Piano Rock",2,11558,0.19263333333333332
2026-02,Canción de Autor,"Indie Folk, Canción Platense",1,6704,0.11173333333333334
2026-02,Indie Folk,"Canción Latinoamericana, Avant-Garde Pop",1,5617,0.09361666666666667
2026-02,Indie Pop,"Jangle Pop, Post-Punk",1,4951,0.08251666666666667
2026-02,Indie Rock,Experimental Pop / Hip-Hop,1,4351,0.07251666666666666
2026-02,Indie Folk,"Americana, Acoustic",1,1601,0.026683333333333333
2026-02,Indie Rock,"Lo-Fi, Noise Pop, Post-Punk",1,1189,0.019816666666666666
2026-02,Rock Argentino,Ska Rock / Cuarteto Rock,4,777,0.01295
2026-02,Indie Pop,"Indie Folk, Canción Pop / Canción Urbana",1,78,0.0013
2026-03,Canción de Autor,"Indie Folk, Canción Platense",47,5229025,87.15041666666667
2026-03,Urbano / Trap,Trap Argentino / R&B,24,3832170,63.869499999999995
2026-03,Rock Argentino,"Post-Punk, Hard Rock",10,2262144,37.7024
2026-03,Canción de Autor,"Rock de Cámara, Experimental Folk",9,2000462,33.34103333333333
2026-03,Rock Argentino,"Pop Rock, New Wave, Progressive Rock",25,1960050,32.667500000000004
2026-03,Indie Folk,Folk / Canción de Autor,14,1952952,32.5492
2026-03,Indie Pop,Indie Rock / Lo-Fi,13,1579700,26.328333333333333
2026-03,Rock Argentino,"Reggae Rock, Post-Punk",11,1467296,24.454933333333333
2026-03,Indie Rock,"Art Rock, Synth-Pop, Dance Rock",7,1412909,23.548483333333333
2026-03,Rock Argentino,"Progressive Rock, Art Pop, Symphonic Rock",8,1366425,22.77375
2026-03,Indie Rock,Reggae Rock / Psychedelic,12,1341241,22.354016666666666
2026-03,Urbano Latino,"Reggaeton, Trap Latino, Synth-Pop, Mambo",26,1216053,20.26755
2026-03,Canción de Autor,Folk Rock / Indie Pop Español,3,1187353,19.78921666666667
2026-03,Rock Argentino,"Murga Rock, Candombe Rock, Blues Rock",4,1099334,18.322233333333333
2026-03,Indie Pop,Electropop / Indie Chileno,7,1057618,17.626966666666668
2026-03,Indie Folk,Indie Rock / Bedroom Pop,7,1057343,17.622383333333335
2026-03,Indie Rock,"Post-Punk, Space Rock, Noise Pop",5,1037161,17.28601666666667
2026-03,Rock Nacional,Blues Rock / Hard Rock / Indie Rock,4,1017409,16.95681666666667
2026-03,Rock Argentino,"Alternative Rock, Electro-Rock, Pop Rock",8,925707,15.428450000000002
2026-03,Indie Pop,Indie Folk / Pop Tropical,5,832654,13.877566666666667
2026-03,Indie Folk,Canción Latinoamericana,7,802977,13.382950000000001
2026-03,Rock Argentino,"Hard Rock, Funk Rock, Folklore Rock",5,785192,13.086533333333334
2026-03,Canción de Autor,Pop Folk / Latin Singer-Songwriter,4,682215,11.370249999999999
2026-03,Indie Rock,Synth-Pop / Post-Punk Revival,3,620099,10.334983333333334
2026-03,Indie Rock,"Indie Folk, Alternative Rock",3,600279,10.00465
2026-03,Indie Rock,"Experimental, Dream Pop, Lo-Fi",4,592486,9.874766666666666
2026-03,Indie Rock,"Punk Folk, Experimental Rock",3,583459,9.724316666666667
2026-03,Indie Rock,"Jangle Pop, Bedroom Pop, Psychedelic Pop",3,568506,9.4751
2026-03,Rock Argentino,"Art Rock, Alternative Rock, Electronic Fusion",3,545356,9.089266666666667
2026-03,Rock Nacional,Rock Barrial,3,533005,8.883416666666667
2026-03,Canción de Autor,"Candombe Beat, Folk Uruguayo",3,528855,8.814250000000001
2026-03,Indie Folk,Folk Pop / Acoustic / Latin Alternative,7,527999,8.799983333333333
2026-03,Indie Pop,Psychedelic Pop / Synth-Pop,2,522000,8.7
2026-03,Indie Pop,Electropop / Art Pop,3,515021,8.583683333333333
2026-03,Canción de Autor,"Folktronica, Indie Folk",3,488519,8.141983333333332
2026-03,Rock Argentino,"Art Rock, Jazz Rock, Folk Rock",4,427659,7.12765
2026-03,Indie Pop,"Psicodelia, Bedroom Pop",2,403872,6.7312
2026-03,Rock Nacional,Rock Stone / Blues Rock,3,394147,6.569116666666666
2026-03,Indie Pop,"R&B Urbano, Bedroom Pop",6,392851,6.547516666666667
2026-03,Canción de Autor,Folk Fusion / Rock,3,380090,6.334833333333333
2026-03,Rock Nacional,Rock Argentino / Reggae Rock,1,352502,5.8750333333333336
2026-03,Rock Argentino,"Hard Rock, Blues Rock, Proto-Punk, Folk Progresivo",3,307347,5.12245
2026-03,Rock Argentino,"Pop Rock, Piano Rock",5,296712,4.9452
2026-03,Indie Folk,"Americana, Acoustic",5,288444,4.8073999999999995
2026-03,Canción de Autor,Rumba / Folk Pop,1,277560,4.626
2026-03,Indie Rock,"Canción de Autor, Bedroom Pop",4,268940,4.482333333333333
2026-03,Indie Pop,Pop Rock / Synth-Pop,5,266856,4.4476
2026-03,Indie Pop,Indie Rock / Harmony Pop,1,257006,4.283433333333333
2026-03,Rock Argentino,"Hard Rock, Heavy Blues",1,248897,4.1482833333333335
2026-03,Indie Rock,Indie Rock Argentino / Post-Punk Revival,2,245508,4.0918
2026-03,Indie Pop,Electropop / Urban Pop,1,241246,4.020766666666667
2026-03,Indie Folk,Canción de Autor,7,227218,3.786966666666667
2026-03,Indie Pop,"Dream Pop, Slowcore",5,217219,3.6203166666666666
2026-03,Nuevo Flamenco,"Latin Alternative, Bolero Fusion, Experimental Pop",2,216987,3.6164500000000004
2026-03,Indie Pop,"Electro-Pop, Performático",1,209133,3.48555
2026-03,Indie Rock,Post-Punk,2,203360,3.389333333333333
2026-03,Urbano Latino,"Alternative Hip-Hop, Industrial Rap, Post-Punk",2,198433,3.3072166666666667
2026-03,Indie Pop,"Canción de Autor, Art Pop",1,196600,3.276666666666667
2026-03,Rock Argentino,"Alternative Rock, Funk Rock, Hard Rock",3,196319,3.2719833333333335
2026-03,Indie Pop,Twee Pop / Elefant Records,1,195787,3.263116666666667
2026-03,Indie Rock,"Garage Rock, Post-Punk",1,194087,3.234783333333333
2026-03,Indie Rock,"Lo-Fi, Noise Pop, Post-Punk",3,185773,3.0962166666666664
2026-03,Canción de Autor,Folk Latinoamericano / Jazz / Flamenco,4,167269,2.7878166666666666
2026-03,Rock Nacional,Rock Progresivo / Jazz Rock,1,165467,2.7577833333333333
2026-03,Indie Rock,"Post-Punk, New Wave",1,155688,2.5948
2026-03,Indie Pop,Alternative / Bedroom Pop,2,147900,2.465
2026-03,Canción de Autor,Indie Folk / Rock Argentino,1,132547,2.2091166666666666
2026-03,Indie Pop,Pop Rock / Dream Pop,1,85360,1.4226666666666667
2026-03,Indie Pop,"Indie Folk, Canción Pop / Canción Urbana",3,58757,0.9792833333333333
2026-03,Indie Rock,Indie Pop / Rock Argentino / Pop Experimental,4,51462,0.8577
2026-03,Rock Argentino,Post-Punk / Tango Rock,1,44852,0.7475333333333334
2026-03,Indie Folk,"Canción Latinoamericana, Avant-Garde Pop",2,40168,0.6694666666666667
2026-03,Rock Argentino,"Psych Rock, Folk Rock, Canción de Autor",1,30565,0.5094166666666666
2026-03,Indie Rock,"Afro-Pop Fusion, Art Pop",1,26585,0.44308333333333333
2026-03,Rock Argentino,Alternative Rock / Post-Punk,1,21110,0.35183333333333333
2026-03,Urbano Latino,"Electro Funk, Alternative Trap, Hip-Hop",24,16842,0.2807
2026-03,Indie Rock,"Art Rock, Alternative Rock",1,15801,0.26335
2026-03,Indie Pop,Bedroom Pop / Lo-Fi,1,8553,0.14255
2026-03,Indie Rock,Lo-Fi / Experimental Rock,1,6446,0.10743333333333334
2026-03,Indie Pop,Folk Pop / Singer-Songwriter,1,6329,0.10548333333333333
2026-03,Rock Argentino,Post-Punk / Folklore Rock,3,5817,0.09695
2026-03,Canción de Autor,"Jazz Fusion, Folklore Fusion, Pop Rock",1,5565,0.09275
2026-03,Canción de Autor,Folklore Fusion / Jazz,1,3412,0.05686666666666667
2026-03,Rock Nacional,Pop Rock / Art Pop,1,2719,0.045316666666666665
2026-03,Rock Argentino,"Alternative Rock, Post-Punk, Shoegaze",1,2276,0.03793333333333333
2026-03,Indie Pop,"Dream Pop, R&B Soul",1,1278,0.0213
2026-03,Rock Nacional,Rock Argentino / Blues Rock,1,990,0.0165
2026-03,Indie Pop,Pop Rock / Urban,1,958,0.015966666666666667
2026-03,Canción de Autor,Experimental Folk,1,0,0.0
2026-03,Canción de Autor,Latin Fusion / Pop Folk,1,0,0.0
2026-03,Indie Folk,Acoustic / Pop,1,0,0.0
2026-03,Indie Rock,Alt-Country / Experimental Rock,1,0,0.0
2026-03,Indie Rock,MPB / Post-Punk,1,0,0.0
2026-03,Rock Argentino,"Folk Rock, Progressive Rock",1,0,0.0
2026-04,Indie Rock,"Jangle Pop, Bedroom Pop, Psychedelic Pop",178,32254639,537.5773166666667
2026-04,Urbano / Trap,Trap Argentino / R&B,99,16997081,283.28468333333336
2026-04,R&B / Soul,Alternative R&B / Neo-Soul,87,14920887,248.68145
2026-04,Indie Folk,Folk / Canción de Autor,69,11173106,186.21843333333334
2026-04,Canción de Autor,Pop Folk / Latin Singer-Songwriter,46,8190691,136.51151666666667
2026-04,Rock Nacional,Rock Barrial,26,4817691,80.29485
2026-04,Rock Argentino,"Pop Rock, New Wave, Progressive Rock",24,4602806,76.71343333333334
2026-04,Indie Rock,"Post-Punk, Space Rock, Noise Pop",16,2499917,41.665283333333335
2026-04,Indie Rock,"Experimental, Dream Pop, Lo-Fi",14,2472818,41.213633333333334
2026-04,Rock Argentino,"Alternative Rock, Electro-Rock, Pop Rock",15,2215723,36.928716666666666
2026-04,Indie Rock,Rock Alternativo / Fusion,12,1774467,29.574450000000002
2026-04,Rock Argentino,"Art Rock, Jazz Rock, Folk Rock",7,1644156,27.4026
2026-04,Canción de Autor,Indie Folk / Rock Argentino,11,1513770,25.2295
2026-04,Rock Argentino,"Post-Punk, Hard Rock",10,1478295,24.63825
2026-04,Indie Folk,Canción de Autor,9,1334045,22.234083333333334
2026-04,Rock Nacional,Pop Rock / Art Pop,5,1237560,20.625999999999998
2026-04,Indie Rock,"Canción de Autor, Bedroom Pop",5,1105386,18.423099999999998
2026-04,Nuevo Flamenco,"Latin Alternative, Bolero Fusion, Experimental Pop",12,1065911,17.765183333333333
2026-04,Indie Rock,"Garage Rock, Post-Punk",5,990984,16.5164
2026-04,Indie Rock,"Alternative Rock, Garage Rock",5,950308,15.838466666666667
2026-04,Rock Argentino,"Art Rock, Alternative Rock, Electronic Fusion",6,946369,15.772816666666667
2026-04,Indie Rock,Garage Rock Revival / Post-Punk,4,923450,15.390833333333333
2026-04,Rock Argentino,"Alternative Rock, Funk Rock, Hard Rock",5,876724,14.612066666666667
2026-04,Rock Argentino,"Hard Rock, Funk Rock, Folklore Rock",6,851741,14.195683333333333
2026-04,Indie Rock,"Art Rock, Alternative Rock",7,811508,13.525133333333333
2026-04,Canción de Autor,Folk Rock / Indie Pop Español,2,801239,13.353983333333334
2026-04,Canción de Autor,"Rock de Cámara, Experimental Folk",4,746439,12.44065
2026-04,Canción de Autor,"Indie Folk, Canción Platense",5,701079,11.68465
2026-04,Indie Rock,"Art Rock, Synth-Pop, Dance Rock",6,665639,11.093983333333332
2026-04,Rock Argentino,"Hard Rock, Blues Rock, Proto-Punk, Folk Progresivo",4,651396,10.8566
2026-04,Indie Rock,Experimental Pop / Hip-Hop,3,561321,9.355350000000001
2026-04,Indie Pop,Yacht Rock / Bedroom Soul,3,550443,9.17405
2026-04,Indie Folk,"Acoustic, Singer-Songwriter",6,541934,9.032233333333334
2026-04,Rock Argentino,"Pop Rock, Piano Rock",6,538453,8.974216666666667
2026-04,Rock Nacional,Blues Rock / Hard Rock / Indie Rock,4,537726,8.9621
2026-04,Rock Argentino,"Folk Rock, Progressive Rock",3,510133,8.502216666666666
2026-04,Canción de Autor,"Candombe Beat, Folk Uruguayo",3,502825,8.380416666666667
2026-04,Rock Nacional,Rock Stone / Blues Rock,3,490634,8.177233333333334
2026-04,Indie Rock,Post-Punk / Pop Rock,4,468047,7.800783333333333
2026-04,Indie Folk,Indie Rock / Bedroom Pop,3,463284,7.7214
2026-04,Indie Pop,"Canción de Autor, Art Pop",5,443775,7.39625
2026-04,Rock Argentino,Post-Punk / Folklore Rock,3,426223,7.103716666666667
2026-04,Rock Argentino,"Progressive Rock, Art Pop, Symphonic Rock",3,424786,7.079766666666666
2026-04,Indie Rock,MPB / Post-Punk,2,401476,6.6912666666666665
2026-04,Canción de Autor,"Indie Pop, Folk Latinoamericano",2,398852,6.6475333333333335
2026-04,Urbano Latino,Alternative Hip-Hop,2,374884,6.248066666666666
2026-04,Urbano Latino,"Reggaeton, Trap Latino, Synth-Pop, Mambo",7,354223,5.903716666666667
2026-04,Indie Pop,"Indie Folk, Canción Pop / Canción Urbana",2,341957,5.699283333333334
2026-04,Rock Nacional,Rock Progresivo / Jazz Rock,4,341644,5.694066666666667
2026-04,Indie Pop,Alternative / Bedroom Pop,4,338846,5.647433333333333
2026-04,Rock Nacional,Rock Argentino / Reggae Rock,3,325418,5.423633333333333
2026-04,Indie Rock,Reggae Rock / Psychedelic,3,310284,5.1714
2026-04,Rock Nacional,Pop Rock / New Wave,1,299500,4.991666666666666
2026-04,Indie Folk,Alt-Country / Acoustic,1,280000,4.666666666666667
2026-04,Indie Pop,Indie Rock / Harmony Pop,1,257006,4.283433333333333
2026-04,Urbano Latino,"Alternative Hip-Hop, Industrial Rap, Post-Punk",2,254109,4.23515
2026-04,Indie Rock,Indie Rock Argentino / Post-Punk Revival,3,247547,4.125783333333334
2026-04,Rock Argentino,Indie Rock / Canción de Autor,1,236303,3.9383833333333333
2026-04,Rock Argentino,"Hard Rock, Heavy Blues",2,232459,3.8743166666666666
2026-04,Indie Folk,Canción de Autor / Ambient,1,226435,3.7739166666666666
2026-04,Urbano Latino,"Electro Funk, Alternative Trap, Hip-Hop",13,220895,3.681583333333333
2026-04,Rock Argentino,"Murga Rock, Candombe Rock, Blues Rock",4,220716,3.6786
2026-04,Indie Pop,Pop Rock / Synth-Pop,2,209126,3.4854333333333334
2026-04,Indie Rock,Alt-Country / Experimental Rock,1,208627,3.477116666666667
2026-04,Indie Pop,"Dream Pop, R&B Soul",1,208240,3.470666666666667
2026-04,Canción de Autor,Indie Folk,1,206840,3.4473333333333334
2026-04,Indie Rock,Post-Punk,1,203359,3.3893166666666668
2026-04,Indie Pop,Twee Pop / Elefant Records,3,200567,3.3427833333333337
2026-04,Rock Argentino,"Reggae Rock, Post-Punk",1,191800,3.1966666666666668
2026-04,Indie Pop,"R&B Urbano, Bedroom Pop",2,181702,3.028366666666667
2026-04,Indie Pop,Bedroom Pop / Lo-Fi Pop,1,164571,2.74285
2026-04,Canción de Autor,Folklore Fusion / Jazz,2,149152,2.485866666666667
2026-04,Indie Pop,Electropop / Art Pop,1,149036,2.4839333333333333
2026-04,Indie Folk,Acoustic / Pop,1,123250,2.0541666666666667
2026-04,Indie Pop,Bedroom Pop,1,87312,1.4552
2026-04,Indie Rock,"Lo-Fi, Noise Pop, Post-Punk",1,50521,0.8420166666666666
2026-04,Indie Folk,"Canción Latinoamericana, Avant-Garde Pop",2,46946,0.7824333333333334
2026-04,Indie Pop,French Pop / Chanson,1,40961,0.6826833333333333
2026-04,Rock Argentino,"Latin Rock, Ska Rock, Cumbia Rock",1,33304,0.5550666666666667
2026-04,Urbano Latino,"Hip-Hop, Funk Carioca, Boom Bap, Trap",12,24706,0.41176666666666667
2026-04,Indie Folk,Canción Latinoamericana,1,21153,0.35255
2026-04,Indie Pop,R&B / Bedroom Pop,1,9164,0.15273333333333333
2026-04,Indie Pop,Dream Pop / Experimental,1,7207,0.12011666666666666
2026-04,Indie Rock,"Indie Folk, Alternative Rock",1,5865,0.09775
2026-04,Indie Pop,"Jangle Pop, Post-Punk",1,5456,0.09093333333333334
2026-04,Indie Pop,Pop Rock / Canción de Autor,1,4346,0.07243333333333334
2026-04,Urbano Latino,Reggaeton / Mexa Trap,1,1528,0.025466666666666665
2026-04,Indie Rock,Indie Pop / Rock Argentino / Pop Experimental,1,1484,0.024733333333333333
2026-04,Indie Pop,"Synth-Pop, Bedroom Pop",1,105,0.00175
2026-05,R&B / Soul,Alternative R&B / Neo-Soul,98,15528910,258.81516666666664
2026-05,Indie Rock,"Jangle Pop, Bedroom Pop, Psychedelic Pop",63,9303966,155.0661
2026-05,Indie Rock,"Art Rock, Synth-Pop, Dance Rock",48,8364076,139.40126666666666
2026-05,Indie Rock,"Alternative Rock, Garage Rock",23,3907664,65.12773333333334
2026-05,Indie Folk,Folk / Canción de Autor,18,2620811,43.68018333333333
2026-05,Nuevo Flamenco,"Latin Alternative, Bolero Fusion, Experimental Pop",11,2280045,38.00075
2026-05,Rock Argentino,"Pop Rock, Piano Rock",12,2221307,37.02178333333333
2026-05,Rock Argentino,"Pop Rock, New Wave, Progressive Rock",11,1999849,33.330816666666664
2026-05,Rock Nacional,Rock Stone / Blues Rock,6,1894451,31.574183333333334
2026-05,Indie Rock,"Post-Punk, Space Rock, Noise Pop",7,1562458,26.040966666666666
2026-05,Urbano / Trap,Trap Argentino / R&B,36,1497427,24.957116666666668
2026-05,Rock Argentino,"Murga Rock, Candombe Rock, Blues Rock",6,1481893,24.698216666666667
2026-05,Indie Pop,Canción de Autor,9,1324997,22.083283333333334
2026-05,Rock Argentino,"Alternative Rock, Electro-Rock, Pop Rock",13,1277763,21.29605
2026-05,Indie Folk,Canción de Autor,5,996497,16.608283333333333
2026-05,Indie Rock,Indie Pop / Rock Argentino / Pop Experimental,5,949639,15.827316666666668
2026-05,Rock Argentino,"Art Rock, Jazz Rock, Folk Rock",7,908909,15.148483333333335
2026-05,Canción de Autor,Folk Rock / Indie Pop Español,2,885845,14.764083333333334
2026-05,Indie Folk,"Americana, Acoustic",8,832213,13.870216666666668
2026-05,Rock Nacional,Rock Barrial,4,823195,13.719916666666666
2026-05,Indie Rock,Garage Rock Revival / Post-Punk,3,625493,10.424883333333334
2026-05,Indie Pop,"Indie Folk, Canción Pop / Canción Urbana",10,580065,9.66775
2026-05,Canción de Autor,Indie Folk / Rock Argentino,3,514755,8.57925
2026-05,Canción de Autor,"Indie Folk, Canción Platense",8,507170,8.452833333333333
2026-05,Rock Argentino,"Hard Rock, Funk Rock, Folklore Rock",2,484947,8.082450000000001
2026-05,Rock Argentino,"Folk Rock, Progressive Rock",4,481378,8.022966666666667
2026-05,Indie Folk,Indie Rock / Bedroom Pop,2,459520,7.658666666666667
2026-05,Rock Argentino,"Alternative Rock, Funk Rock, Hard Rock",2,442737,7.37895
2026-05,Urbano Latino,"Reggaeton, Trap Latino, Synth-Pop, Mambo",3,433461,7.22435
2026-05,Rock Argentino,"Post-Punk, Hard Rock",1,429400,7.156666666666666
2026-05,Rock Argentino,"Reggae Rock, Post-Punk",2,398027,6.633783333333334
2026-05,Canción de Autor,Pop Folk / Latin Singer-Songwriter,5,380801,6.346683333333334
2026-05,Canción de Autor,Folk Fusion / Rock,2,363650,6.060833333333333
2026-05,Indie Pop,"Psicodelia, Bedroom Pop",1,360533,6.008883333333333
2026-05,Rock Nacional,Rock Argentino / Reggae Rock,1,352502,5.8750333333333336
2026-05,Canción de Autor,Indie Folk,3,346532,5.775533333333334
2026-05,Indie Pop,"Dream Pop, Slowcore",2,335421,5.590350000000001
2026-05,Urbano Latino,"Hip-Hop, Funk Carioca, Boom Bap, Trap",5,322455,5.37425
2026-05,Canción de Autor,"Candombe Beat, Folk Uruguayo",3,318854,5.314233333333333
2026-05,Indie Pop,Indie Rock / Lo-Fi,2,310637,5.1772833333333335
2026-05,Rock Nacional,Rock Argentino / Blues Rock,1,289654,4.827566666666667
2026-05,Indie Pop,Synth-Pop / Disco Rock,2,284650,4.744166666666667
2026-05,Indie Pop,Folk / Contemporary R&B,1,278765,4.646083333333333
2026-05,Canción de Autor,"Folktronica, Indie Folk",2,278127,4.63545
2026-05,Indie Pop,"Canción de Autor, Art Pop",4,277349,4.622483333333333
2026-05,Rock Nacional,Blues Rock / Hard Rock / Indie Rock,2,274247,4.570783333333334
2026-05,Canción de Autor,Folk Latinoamericano / Tropical,1,264400,4.406666666666666
2026-05,Rock Argentino,"Hard Rock, Blues Rock, Proto-Punk, Folk Progresivo",2,256712,4.278533333333334
2026-05,Indie Rock,Indie Rock Argentino / Post-Punk Revival,1,244387,4.0731166666666665
2026-05,Rock Argentino,Indie Rock / Canción de Autor,2,242738,4.045633333333333
2026-05,Indie Pop,Electropop / Urban Pop,1,241246,4.020766666666667
2026-05,Rock Argentino,Post-Punk / Tango Rock,1,241067,4.017783333333333
2026-05,Indie Rock,Alt-Country / Experimental Rock,1,231707,3.8617833333333333
2026-05,Rock Argentino,Post-Punk / Folklore Rock,1,230625,3.84375
2026-05,Indie Pop,Psychedelic Pop / R&B,1,218978,3.6496333333333335
2026-05,Canción de Autor,"Rock de Cámara, Experimental Folk",3,213646,3.560766666666667
2026-05,Canción de Autor,"Indie Pop, Folk Latinoamericano",1,212575,3.5429166666666667
2026-05,Rock Argentino,Pop Rock,1,210427,3.5071166666666667
2026-05,Rock Argentino,Progressive Rock / Drummer,2,206331,3.43885
2026-05,Canción de Autor,Indie Folk / Jazz,1,196827,3.28045
2026-05,Rock Nacional,Pop Rock / New Wave,1,193160,3.219333333333333
2026-05,Indie Rock,"Punk Folk, Experimental Rock",1,193012,3.2168666666666668
2026-05,Indie Rock,"Experimental, Dream Pop, Lo-Fi",2,190342,3.1723666666666666
2026-05,Rock Nacional,Pop Rock / Art Pop,1,182240,3.037333333333333
2026-05,Indie Folk,"Acoustic, Singer-Songwriter",2,181165,3.019416666666667
2026-05,Canción de Autor,Latin Fusion / Pop Folk,1,170601,2.84335
2026-05,Rock Nacional,Rock Stone / Barrial,1,167400,2.79
2026-05,Indie Pop,"Synth-Pop, Bedroom Pop",1,166950,2.7825
2026-05,Urbano Latino,Rap Punk / Cumbia / Dancehall,1,161250,2.6875
2026-05,Canción de Autor,"Jazz Fusion, Folklore Fusion, Pop Rock",5,153238,2.5539666666666667
2026-05,Rock Argentino,"Progressive Rock, Art Pop, Symphonic Rock",2,147507,2.45845
2026-05,Urbano Latino,Alternative Trap / Experimental,1,147399,2.45665
2026-05,Indie Rock,Indie Folk / Singer-Songwriter,1,139467,2.32445
2026-05,Indie Pop,"R&B Urbano, Bedroom Pop",2,135939,2.26565
2026-05,Rock Argentino,"Psych Rock, Folk Rock, Canción de Autor",1,119187,1.98645
2026-05,Indie Folk,Acoustic / Pop,1,113080,1.8846666666666667
2026-05,Urbano Latino,Trap / Drill,1,103261,1.7210166666666666
2026-05,Indie Rock,"Canción de Autor, Bedroom Pop",2,60333,1.00555
2026-05,Indie Folk,"Canción Latinoamericana, Avant-Garde Pop",2,51438,0.8573000000000001
2026-05,Indie Pop,"Jangle Pop, Post-Punk",1,41520,0.692
2026-05,Rock Argentino,"Art Rock, Alternative Rock, Electronic Fusion",3,34555,0.5759166666666666
2026-05,Indie Pop,Psychedelic Pop / Synth-Pop,1,32825,0.5470833333333334
2026-05,Indie Rock,"Art Rock, Alternative Rock",2,27817,0.4636166666666667
2026-05,Indie Rock,Rock Alternativo / Fusion,1,14788,0.24646666666666667
2026-05,Indie Pop,Indie Folk / Pop Tropical,1,7975,0.13291666666666666
2026-05,Urbano Latino,"Alternative Hip-Hop, Industrial Rap, Post-Punk",1,7500,0.125
2026-05,Indie Pop,Indie Rock / Harmony Pop,1,6671,0.11118333333333333
2026-05,Urbano / Trap,EDM / Trap / Session Producer,1,5546,0.09243333333333334
2026-05,Rock Nacional,Rock Progresivo / Jazz Rock,1,4996,0.08326666666666667
2026-05,Indie Rock,Experimental Pop / Hip-Hop,1,4871,0.08118333333333333
2026-05,Urbano Latino,"Electro Funk, Alternative Trap, Hip-Hop",1,1143,0.01905
2026-06,Rock Argentino,"Hard Rock, Art Rock",93,18149925,302.49875
2026-06,Rock Argentino,"Post-Punk, Hard Rock",77,15121372,252.02286666666666
2026-06,Rock Nacional,Rock Argentino / Hard Rock,40,10065473,167.75788333333333
2026-06,Indie Rock,Indie Psicodélico / Rock Argentino,35,5618110,93.63516666666666
2026-06,Indie Pop,"Canción de Autor, Art Pop",16,2855886,47.5981
2026-06,Rock Argentino,"Progressive Rock, Art Pop, Symphonic Rock",18,2804162,46.73603333333333
2026-06,Rock Argentino,"Latin Rock, Ska Rock, Cumbia Rock",10,2795933,46.59888333333333
2026-06,Rock Argentino,"Pop Rock, Piano Rock",12,2000504,33.34173333333333
2026-06,Rock Nacional,Rock Stone / Barrial,6,1805147,30.08578333333333
2026-06,Rock Nacional,Rock Stone / Blues Rock,7,1789827,29.83045
2026-06,Indie Rock,"Art Rock, Synth-Pop, Dance Rock",12,1693549,28.225816666666667
2026-06,Rock Argentino,"Hard Rock, Heavy Blues",6,1625462,27.091033333333332
2026-06,Rock Argentino,Post-Punk / Reggae Rock,6,1577805,26.29675
2026-06,Rock Argentino,"Murga Rock, Candombe Rock, Blues Rock",6,1514560,25.24266666666667
2026-06,Indie Rock,Alternative Rock / Noise Pop,12,1374703,22.911716666666667
2026-06,Indie Pop,Rock Uruguayo / Psychedelic,8,1278606,21.310100000000002
2026-06,Indie Rock,"Post-Punk, Space Rock, Noise Pop",8,1273920,21.232
2026-06,Indie Rock,"Jangle Pop, Bedroom Pop, Psychedelic Pop",5,1176738,19.612299999999998
2026-06,Rock Argentino,"Hard Rock, Funk Rock, Folklore Rock",5,1146141,19.10235
2026-06,Urbano / Trap,Trap Argentino / R&B,8,1115745,18.59575
2026-06,Rock Nacional,Rock Barrial,5,1063678,17.727966666666667
2026-06,Canción de Autor,"Indie Folk, Canción Platense",5,930012,15.5002
2026-06,Indie Rock,"Canción de Autor, Bedroom Pop",4,907900,15.131666666666668
2026-06,R&B / Soul,Alternative R&B / Neo-Soul,7,842447,14.040783333333334
2026-06,Rock Argentino,"Pop Rock, New Wave, Progressive Rock",6,776048,12.934133333333333
2026-06,Indie Rock,Post-Punk / Pop Rock,5,771466,12.857766666666667
2026-06,Canción de Autor,"Rock de Cámara, Experimental Folk",5,739651,12.327516666666668
2026-06,Canción de Autor,Pop Folk / Latin Singer-Songwriter,3,598254,9.9709
2026-06,Indie Folk,Acoustic / Canción de Autor,3,588720,9.812000000000001
2026-06,Rock Nacional,Pop Rock / New Wave,2,587256,9.787600000000001
2026-06,Rock Argentino,Indie Rock / Canción de Autor,2,545184,9.0864
2026-06,Indie Folk,Canción de Autor,4,505659,8.42765
2026-06,Canción de Autor,"Folktronica, Indie Folk",4,473929,7.898816666666667
2026-06,Rock Argentino,"Alternative Rock, Electro-Rock, Pop Rock",4,472200,7.869999999999999
2026-06,Indie Pop,Pop Rock / Synth-Pop,2,431128,7.185466666666667
2026-06,Canción de Autor,Indie Folk / Rock Argentino,2,404177,6.736283333333333
2026-06,Urbano Latino,Trap / Hip-Hop,2,339034,5.650566666666666
2026-06,Indie Folk,Folk / Canción de Autor,2,337546,5.625766666666666
2026-06,Rock Argentino,Progressive Rock / Drummer,1,322274,5.3712333333333335
2026-06,Rock Nacional,Rock Barrial / Blues Rock,1,316626,5.2771
2026-06,Indie Rock,Pop Rock / Lo-Fi,1,315495,5.25825
2026-06,Rock Argentino,"Hard Rock, Blues Rock, Proto-Punk, Folk Progresivo",2,312160,5.2026666666666666
2026-06,Indie Rock,Alternative Rock,2,297857,4.964283333333333
2026-06,Indie Rock,"Experimental, Dream Pop, Lo-Fi",1,294307,4.905116666666666
2026-06,Indie Rock,"Lo-Fi, Alternative Rock",1,280313,4.671883333333334
2026-06,Nuevo Flamenco,"Latin Alternative, Bolero Fusion, Experimental Pop",3,273976,4.5662666666666665
2026-06,Canción de Autor,Folk Rock / Blues,1,264262,4.404366666666666
2026-06,Indie Rock,Indie Pop / Rock Argentino / Pop Experimental,3,257671,4.2945166666666665
2026-06,Rock Argentino,Rock and Roll / Blues,1,253813,4.230216666666666
2026-06,Indie Rock,Post-Punk,3,250972,4.1828666666666665
2026-06,Indie Pop,Psychedelic Pop / R&B,1,246001,4.100016666666667
2026-06,Rock Argentino,Pop Rock / Indie Pop,1,243040,4.050666666666666
2026-06,Canción de Autor,"Indie Pop, Folk Latinoamericano",2,242977,4.049616666666667
2026-06,Indie Pop,Electropop / Dance-Pop,1,238147,3.969116666666667
2026-06,Indie Pop,"Jangle Pop, Post-Punk",1,236667,3.94445
2026-06,Indie Pop,Electropop / Indie Chileno,1,234987,3.91645
2026-06,Indie Pop,Synth-Pop / Disco Rock,1,234466,3.907766666666667
2026-06,Urbano Latino,"Alternative Hip-Hop, Industrial Rap, Post-Punk",2,234097,3.901616666666667
2026-06,Rock Nacional,Blues Rock / Hard Rock / Indie Rock,2,231906,3.8651
2026-06,Indie Rock,Post-Punk / Lo-Fi,1,229952,3.832533333333333
2026-06,Indie Rock,"Lo-Fi, Noise Pop, Post-Punk",1,229843,3.8307166666666665
2026-06,Indie Folk,Indie Rock / Bedroom Pop,1,229760,3.8293333333333335
2026-06,Indie Pop,"R&B Urbano, Bedroom Pop",2,227455,3.790916666666667
2026-06,Rock Argentino,"Reggae Rock, Post-Punk",2,225378,3.7563
2026-06,Rock Argentino,"Art Rock, Jazz Rock, Folk Rock",2,223281,3.7213499999999997
2026-06,Indie Pop,"Dream Pop, R&B Soul",1,209457,3.49095
2026-06,Indie Rock,"Alternative Rock, Garage Rock",1,183956,3.065933333333333
2026-06,Canción de Autor,Folk Fusion / Rock,1,181825,3.0304166666666665
2026-06,Indie Rock,Rock Alternativo / Fusion,3,179536,2.9922666666666666
2026-06,Canción de Autor,Folk Español / Children,2,175193,2.9198833333333334
2026-06,Indie Folk,Electropop / Canción de Autor,1,158227,2.6371166666666666
2026-06,Urbano Latino,"Reggaeton, Trap Latino, Synth-Pop, Mambo",1,156365,2.6060833333333333
2026-06,Indie Pop,Lo-Fi,1,155509,2.591816666666667
2026-06,Indie Rock,Reggae Rock / Psychedelic,1,153637,2.5606166666666668
2026-06,Rock Nacional,Rock Progresivo / Jazz Rock,1,124293,2.07155
2026-06,Indie Pop,Electropop / Urban,1,123307,2.0551166666666667
2026-06,Indie Pop,Psychedelic Pop / Synth-Pop,2,97874,1.6312333333333333
2026-06,Indie Pop,Pop Rock / Urban,1,59852,0.9975333333333334
2026-06,Indie Pop,Electropop / Urban Pop,12,58572,0.9762
2026-06,Indie Pop,"Dream Pop, Slowcore",1,52960,0.8826666666666667
2026-06,Indie Pop,Indie Rock / Lo-Fi,1,50928,0.8488
2026-06,Indie Pop,"Indie Folk, Canción Pop / Canción Urbana",1,46950,0.7825
2026-06,Urbano Latino,"Hip-Hop, Funk Carioca, Boom Bap, Trap",10,24694,0.4115666666666667
2026-06,Indie Folk,"Americana, Acoustic",1,17993,0.29988333333333334
2026-06,Indie Rock,"Art Rock, Alternative Rock",1,8402,0.14003333333333334
2026-06,Canción de Autor,"Candombe Beat, Folk Uruguayo",1,748,0.012466666666666666
2026-07,Rock Argentino,"Post-Punk, Hard Rock",157,29767825,496.1304166666667
2026-07,Indie Rock,Garage Rock Revival / Post-Punk,58,13664539,227.74231666666668
2026-07,Rock Argentino,"Hard Rock, Art Rock",46,8368941,139.48235
2026-07,Nuevo Flamenco,"Latin Alternative, Bolero Fusion, Experimental Pop",43,7310784,121.8464
2026-07,Rock Nacional,Rock Argentino / Hard Rock,24,4489576,74.82626666666667
2026-07,Rock Argentino,"Pop Rock, New Wave, Progressive Rock",26,3734083,62.234716666666664
2026-07,Rock Argentino,"Progressive Rock, Art Pop, Symphonic Rock",11,2373903,39.56505
2026-07,Urbano / Trap,Trap Argentino / R&B,20,1856153,30.935883333333333
2026-07,Indie Rock,"Jangle Pop, Bedroom Pop, Psychedelic Pop",10,1646585,27.443083333333334
2026-07,R&B / Soul,Alternative R&B / Neo-Soul,8,1496122,24.935366666666667
2026-07,Rock Argentino,"Murga Rock, Candombe Rock, Blues Rock",4,1008586,16.809766666666665
2026-07,Indie Pop,Rock Uruguayo / Psychedelic,6,970557,16.17595
2026-07,Indie Folk,Indie Rock / Bedroom Pop,10,927040,15.450666666666667
2026-07,Indie Rock,"Post-Punk, Space Rock, Noise Pop",5,910486,15.174766666666667
2026-07,Rock Argentino,"Reggae Rock, Post-Punk",4,753416,12.556933333333333
2026-07,Rock Argentino,"Latin Rock, Ska Rock, Cumbia Rock",3,568976,9.482933333333332
2026-07,Indie Rock,Rock Alternativo / Fusion,4,567131,9.452183333333334
2026-07,Indie Rock,Indie Psicodélico / Rock Argentino,3,486525,8.10875
2026-07,Indie Rock,Indie Pop / Rock Argentino / Pop Experimental,2,486020,8.100333333333333
2026-07,Indie Folk,Folk / Canción de Autor,3,419603,6.993383333333333
2026-07,Rock Argentino,"Alternative Rock, Electro-Rock, Pop Rock",3,416828,6.947133333333333
2026-07,Rock Nacional,Rock Stone / Blues Rock,1,395321,6.588683333333333
2026-07,Indie Rock,"Alternative Rock, Garage Rock",3,388842,6.4807
2026-07,R&B / Soul,Neo-Soul / Pop,2,366269,6.1044833333333335
2026-07,Rock Nacional,Rock Barrial,3,362750,6.045833333333333
2026-07,Canción de Autor,Indie Folk / Rock Argentino,3,343170,5.7195
2026-07,Rock Nacional,Blues Rock / Hard Rock / Indie Rock,5,314965,5.249416666666667
2026-07,Rock Nacional,Rock Argentino / Reggae Rock,1,297650,4.960833333333333
2026-07,Indie Rock,"Experimental, Dream Pop, Lo-Fi",2,294759,4.912649999999999
2026-07,Rock Argentino,"Art Rock, Alternative Rock, Electronic Fusion",1,248573,4.142883333333334
2026-07,Indie Rock,Alternative Rock / Noise Pop,2,241308,4.0218
2026-07,Canción de Autor,Pop Folk / Latin Singer-Songwriter,2,239113,3.985216666666667
2026-07,Indie Rock,"Canción de Autor, Bedroom Pop",1,238512,3.9752
2026-07,Indie Folk,Canción Latinoamericana,1,191321,3.1886833333333335
2026-07,Rock Nacional,Pop Rock / Art Pop,1,182240,3.037333333333333
2026-07,Rock Argentino,"Pop Rock, Piano Rock",1,178230,2.9705
2026-07,Indie Pop,"Indie Folk, Canción Pop / Canción Urbana",1,30003,0.50005
2026-07,Rock Argentino,"Art Rock, Jazz Rock, Folk Rock",1,22646,0.37743333333333334
2026-07,Indie Pop,Hypnagogic Pop / Bedroom Pop,1,22230,0.3705
2026-07,Urbano Latino,"Hip-Hop, Funk Carioca, Boom Bap, Trap",4,13202,0.22003333333333333
2026-07,Indie Pop,Twee Pop / Elefant Records,2,3369,0.05615
2026-07,Canción de Autor,Folk Latinoamericano / Jazz / Flamenco,1,970,0.016166666666666666
2026-07,Canción de Autor,"Rock de Cámara, Experimental Folk",1,908,0.015133333333333334
2026-07,Rock Argentino,"Hard Rock, Funk Rock, Folklore Rock",4,32,0.0005333333333333334
2026-07,Indie Folk,Bedroom Pop / Singer-Songwriter,1,0,0.0
2026-08,R&B / Soul,Neo-Soul / Pop,46,6664585,111.07641666666667
2026-08,Rock Argentino,"Post-Punk, Hard Rock",19,3561236,59.35393333333333
2026-08,Rock Argentino,"Pop Rock, New Wave, Progressive Rock",20,3428401,57.14001666666667
2026-08,Rock Argentino,"Hard Rock, Art Rock",16,1822662,30.3777
2026-08,Rock Nacional,Rock Argentino / Hard Rock,6,1810988,30.183133333333334
2026-08,Indie Folk,"Canción Latinoamericana, Avant-Garde Pop",24,1808200,30.136666666666667
2026-08,Nuevo Flamenco,"Latin Alternative, Bolero Fusion, Experimental Pop",19,1400814,23.3469
2026-08,Rock Argentino,"Folk Rock, Progressive Rock",5,1223201,20.386683333333334
2026-08,Rock Argentino,"Progressive Rock, Art Pop, Symphonic Rock",8,1150398,19.173299999999998
2026-08,Indie Rock,Post-Rock / Krautrock,6,1070477,17.841283333333333
2026-08,Rock Argentino,"Reggae Rock, Post-Punk",4,988681,16.47801666666667
2026-08,Indie Rock,Garage Rock Revival / Post-Punk,5,972277,16.204616666666666
2026-08,R&B / Soul,Alternative R&B / Neo-Soul,4,721229,12.020483333333333
2026-08,Indie Rock,Heartland Rock / Alternative,2,679786,11.329766666666666
2026-08,Indie Folk,Folk / Canción de Autor,6,624611,10.410183333333332
2026-08,Indie Rock,"Jangle Pop, Bedroom Pop, Psychedelic Pop",4,583517,9.725283333333334
2026-08,Rock Argentino,Post-Punk / Reggae Rock,2,408960,6.816
2026-08,Indie Pop,Dream Pop / Alt-Pop,2,384560,6.4093333333333335
2026-08,Rock Argentino,Beat / Pop Rock 60s,2,365960,6.099333333333333
2026-08,Indie Rock,"Post-Punk, Space Rock, Noise Pop",1,344000,5.733333333333333
2026-08,Rock Argentino,Folk Rock / Psychedelic Rock,2,303370,5.056166666666666
2026-08,Indie Rock,"Experimental, Dream Pop, Lo-Fi",1,294307,4.905116666666666
2026-08,Indie Folk,Indie Rock / Bedroom Pop,6,275018,4.583633333333333
2026-08,Rock Argentino,Hard Rock / Blues Rock,1,272480,4.541333333333333
2026-08,Indie Rock,"Art Rock, Alternative Rock",1,259000,4.316666666666666
2026-08,Indie Rock,"Punk Folk, Experimental Rock",1,248007,4.13345
2026-08,Rock Argentino,"Murga Rock, Candombe Rock, Blues Rock",1,241747,4.029116666666667
2026-08,Indie Rock,Indie Psicodélico / Rock Argentino,1,232000,3.8666666666666667
2026-08,Rock Argentino,"Art Rock, Jazz Rock, Folk Rock",1,209893,3.4982166666666665
2026-08,Canción de Autor,Pop Folk / Latin Singer-Songwriter,1,190003,3.166716666666667
2026-08,Rock Nacional,Pop Rock / New Wave,1,188240,3.1373333333333333
2026-08,Indie Rock,"Alternative Rock, Garage Rock",1,183956,3.065933333333333
2026-08,Canción de Autor,Indie Folk / Rock Argentino,3,179414,2.9902333333333333
2026-08,Indie Pop,Rock Uruguayo / Psychedelic,1,177073,2.951216666666667
2026-08,Rock Argentino,Rock and Roll / Blues,1,174973,2.9162166666666667
2026-08,Indie Pop,"Canción de Autor, Art Pop",1,140650,2.3441666666666667
2026-08,Indie Folk,Singer-Songwriter,1,69197,1.1532833333333334
2026-08,Urbano / Trap,Trap Argentino / R&B,23,64929,1.08215
2026-08,Canción de Autor,"Indie Folk, Canción Platense",1,41714,0.6952333333333334
2026-08,Urbano Latino,"Alternative Hip-Hop, Industrial Rap, Post-Punk",1,30403,0.5067166666666667
2026-08,Indie Folk,"Acoustic, Singer-Songwriter",1,28088,0.46813333333333335
2026-08,Indie Pop,Indie Rock / Lo-Fi,1,14699,0.24498333333333333
2026-08,Indie Rock,Rock Alternativo / Fusion,1,7983,0.13305
2026-08,Rock Argentino,"Hard Rock, Funk Rock, Folklore Rock",1,7070,0.11783333333333333
2026-08,Indie Pop,Twee Pop / Elefant Records,1,4486,0.07476666666666666
2026-08,Rock Nacional,Rock Barrial,1,2692,0.044866666666666666
2026-08,Rock Nacional,Blues Rock / Hard Rock / Indie Rock,1,364,0.006066666666666666
