fecha_inicio_semana,artistName,reproducciones,minutos_totales
2025-08-18,Adrián Berra,1,0.05
2025-08-18,Ainda,12,27.38
2025-08-18,Arcade Fire,3,4.66
2025-08-18,Arctic Monkeys,1,0.13
2025-08-18,Babasonicos,3,0.25
2025-08-18,Bad Bunny,1,0.66
2025-08-18,Bob Marley & The Wailers,1,0.03
2025-08-18,Charli xcx,1,2.74
2025-08-18,Charly García,3,0.11
2025-08-18,Daft Punk,1,5.02
2025-08-18,Duratierra,2,5.56
2025-08-18,El Mató a un Policía Motorizado,2,0.14
2025-08-18,El Plan De La Mariposa,2,0.17
2025-08-18,Feli Colina,1,0.05
2025-08-18,Fito Paez,3,1.01
2025-08-18,Gabo Ferro,2,3.47
2025-08-18,Gauchito Club,3,7.12
2025-08-18,Gustavo Cerati,1,4.43
2025-08-18,Gustavo Pena - El Príncipe,3,0.19
2025-08-18,Illya Kuryaki & The Valderramas,1,3.97
2025-08-18,José González,2,7.32
2025-08-18,Juana Molina,1,0.04
2025-08-18,Kali Uchis,1,0.06
2025-08-18,La Vela Puerca,1,4.24
2025-08-18,Las Pelotas,1,3.5
2025-08-18,Led Zeppelin,17,52.01
2025-08-18,Los Besos,3,6.68
2025-08-18,Los Piojos,2,4.0
2025-08-18,Lucy Patané,1,3.84
2025-08-18,Luis Alberto Spinetta,2,3.39
2025-08-18,Marilina Bertoldi,1,0.05
2025-08-18,Martín Buscaglia,6,13.93
2025-08-18,Mora y los Metegoles,1,0.08
2025-08-18,Perotá Chingó,1,0.16
2025-08-18,Pescado Rabioso,3,0.89
2025-08-18,Polo & Pan,1,3.71
2025-08-18,Red Hot Chili Peppers,2,2.74
2025-08-18,San Pedro Bonfim,1,3.19
2025-08-18,Silvio Rodríguez,2,0.58
2025-08-18,Suarez,1,3.73
2025-08-18,The Flaming Lips,1,3.8
2025-08-18,The Velvet Underground,2,3.34
2025-08-18,Trueno,1,0.04
2025-08-18,Usted Señalemelo,3,6.39
2025-08-18,Viejas Locas,1,0.04
2025-08-18,WOS,1,0.02
2025-08-25,Adrián Berra,1,1.06
2025-08-25,Ainda,2,4.09
2025-08-25,Arcade Fire,2,0.04
2025-08-25,Arctic Monkeys,2,1.33
2025-08-25,Babasonicos,2,6.26
2025-08-25,Bad Bunny,2,2.16
2025-08-25,Bob Marley & The Wailers,1,3.46
2025-08-25,Charly García,7,23.73
2025-08-25,Divididos,1,5.43
2025-08-25,Duratierra,1,3.44
2025-08-25,El Kuelgue,7,18.95
2025-08-25,El Mató a un Policía Motorizado,3,12.54
2025-08-25,El Plan De La Mariposa,2,7.5
2025-08-25,Emmanuel Horvilleur,3,4.65
2025-08-25,Fito Paez,2,8.01
2025-08-25,Gabo Ferro,3,6.86
2025-08-25,Gauchito Club,17,48.62
2025-08-25,Gustavo Cerati,1,6.47
2025-08-25,Indio Solari,1,5.17
2025-08-25,Joni Mitchell,1,1.01
2025-08-25,José González,2,0.28
2025-08-25,Juana Molina,1,0.0
2025-08-25,Led Zeppelin,2,5.62
2025-08-25,Los Besos,1,2.98
2025-08-25,Los Piojos,3,14.14
2025-08-25,Mac DeMarco,1,0.74
2025-08-25,Marilina Bertoldi,3,6.01
2025-08-25,Martín Buscaglia,2,2.61
2025-08-25,Mora y los Metegoles,1,2.05
2025-08-25,Natalia Lafourcade,1,0.04
2025-08-25,Oasis,1,0.04
2025-08-25,Patricio Rey y sus Redonditos de Ricota,2,4.05
2025-08-25,Pearl Jam,1,5.06
2025-08-25,Perotá Chingó,1,4.01
2025-08-25,Pescado Rabioso,1,0.04
2025-08-25,Polo & Pan,1,3.71
2025-08-25,Red Hot Chili Peppers,3,13.14
2025-08-25,Serú Girán,1,2.1
2025-08-25,Silvio Rodríguez,2,6.74
2025-08-25,Steve Lacy,1,0.03
2025-08-25,Suarez,1,3.14
2025-08-25,Sui Generis,3,6.51
2025-08-25,Taylor Swift,2,8.19
2025-08-25,The Flaming Lips,1,4.79
2025-08-25,Trueno,2,0.07
2025-08-25,Usted Señalemelo,3,4.18
2025-08-25,Viejas Locas,2,6.92
2025-08-25,Virus,1,4.45
2025-09-01,Adrián Berra,2,3.86
2025-09-01,Ainda,1,0.1
2025-09-01,Arcade Fire,2,8.2
2025-09-01,Babasonicos,4,9.66
2025-09-01,Bad Bunny,59,125.81
2025-09-01,CA7RIEL & Paco Amoroso,8,17.51
2025-09-01,Charli xcx,12,28.37
2025-09-01,Charly García,3,11.0
2025-09-01,Daft Punk,1,0.03
2025-09-01,Devendra Banhart,1,0.4
2025-09-01,Duratierra,1,0.32
2025-09-01,El Mató a un Policía Motorizado,1,0.04
2025-09-01,El Plan De La Mariposa,4,12.97
2025-09-01,Fito Paez,1,0.12
2025-09-01,Fleetwood Mac,2,8.72
2025-09-01,Gabo Ferro,2,0.06
2025-09-01,Gauchito Club,2,2.92
2025-09-01,Gustavo Pena - El Príncipe,3,0.18
2025-09-01,Illya Kuryaki & The Valderramas,1,1.78
2025-09-01,Intoxicados,1,3.54
2025-09-01,Kali Uchis,1,3.46
2025-09-01,La Vela Puerca,1,3.43
2025-09-01,Las Pelotas,1,0.07
2025-09-01,Lisandro Aristimuño,1,3.44
2025-09-01,Los Besos,1,2.92
2025-09-01,Luis Alberto Spinetta,4,0.9
2025-09-01,Mac DeMarco,3,4.88
2025-09-01,Martín Buscaglia,2,5.07
2025-09-01,Miranda!,1,3.99
2025-09-01,Natalia Lafourcade,1,0.01
2025-09-01,Patricio Rey y sus Redonditos de Ricota,1,3.72
2025-09-01,Perotá Chingó,1,0.31
2025-09-01,Polo & Pan,2,0.04
2025-09-01,ROSALÍA,1,2.59
2025-09-01,Rihanna,3,10.51
2025-09-01,Rosario Bléfari,1,0.06
2025-09-01,Serú Girán,5,10.72
2025-09-01,Silvio Rodríguez,1,3.82
2025-09-01,Steve Lacy,2,7.74
2025-09-01,Sui Generis,1,0.0
2025-09-01,Taylor Swift,1,3.82
2025-09-01,The Velvet Underground,3,3.38
2025-09-01,Trueno,8,7.23
2025-09-01,Underworld,4,11.63
2025-09-01,WOS,7,12.59
2025-09-08,Adrián Berra,3,3.0
2025-09-08,Ainda,1,0.02
2025-09-08,Arcade Fire,7,11.12
2025-09-08,Babasonicos,6,7.33
2025-09-08,Bad Bunny,46,103.71
2025-09-08,Bizarrap,1,0.1
2025-09-08,Bob Marley & The Wailers,1,2.34
2025-09-08,CA7RIEL & Paco Amoroso,21,31.2
2025-09-08,Charli xcx,48,56.14
2025-09-08,Charly García,7,8.71
2025-09-08,Daft Punk,6,14.34
2025-09-08,El Kuelgue,2,3.55
2025-09-08,El Mató a un Policía Motorizado,3,5.49
2025-09-08,El Plan De La Mariposa,2,1.02
2025-09-08,Emmanuel Horvilleur,1,4.05
2025-09-08,Feli Colina,1,0.24
2025-09-08,Fito Paez,1,4.55
2025-09-08,Fred again..,2,5.96
2025-09-08,Gabo Ferro,4,0.56
2025-09-08,Gustavo Cerati,2,12.94
2025-09-08,Invisible,1,2.76
2025-09-08,Kali Uchis,4,2.08
2025-09-08,La Vela Puerca,1,3.43
2025-09-08,Las Pelotas,1,3.18
2025-09-08,Los Besos,3,3.35
2025-09-08,Luis Alberto Spinetta,2,3.37
2025-09-08,Mac DeMarco,4,6.69
2025-09-08,Marilina Bertoldi,1,0.03
2025-09-08,Martín Buscaglia,2,3.0
2025-09-08,Mora y los Metegoles,3,5.28
2025-09-08,Natalia Lafourcade,1,0.04
2025-09-08,Pedro Pastor,2,0.13
2025-09-08,Perotá Chingó,4,5.44
2025-09-08,Pescado Rabioso,1,0.08
2025-09-08,Polo & Pan,13,30.89
2025-09-08,ROSALÍA,18,29.29
2025-09-08,Red Hot Chili Peppers,4,4.37
2025-09-08,Rihanna,8,1.96
2025-09-08,Rosario Bléfari,4,6.15
2025-09-08,Serú Girán,3,0.42
2025-09-08,Six Sex,6,3.53
2025-09-08,Steve Lacy,3,11.61
2025-09-08,Suarez,1,0.07
2025-09-08,Sui Generis,1,1.52
2025-09-08,The Beatles,1,0.04
2025-09-08,The Velvet Underground,1,0.0
2025-09-08,Trueno,23,19.91
2025-09-08,Underworld,3,4.59
2025-09-08,Usted Señalemelo,2,0.06
2025-09-08,Viejas Locas,1,5.34
2025-09-08,Virus,1,1.17
2025-09-08,WOS,12,14.62
2025-09-15,Adrián Berra,1,0.33
2025-09-15,Arcade Fire,3,7.53
2025-09-15,Babasonicos,2,2.67
2025-09-15,Bad Bunny,38,99.31
2025-09-15,CA7RIEL & Paco Amoroso,22,32.18
2025-09-15,Charli xcx,42,73.03
2025-09-15,Daft Punk,2,1.65
2025-09-15,Duratierra,7,11.45
2025-09-15,El Kuelgue,1,3.49
2025-09-15,El Mató a un Policía Motorizado,1,0.03
2025-09-15,El Plan De La Mariposa,4,7.95
2025-09-15,Emmanuel Horvilleur,1,0.02
2025-09-15,Fito Paez,1,3.43
2025-09-15,Fred again..,6,13.85
2025-09-15,Gabo Ferro,2,0.88
2025-09-15,Gustavo Cerati,3,4.89
2025-09-15,Gustavo Pena - El Príncipe,1,0.04
2025-09-15,Intoxicados,2,11.96
2025-09-15,José González,3,0.22
2025-09-15,Kali Uchis,1,3.77
2025-09-15,La Vela Puerca,2,7.77
2025-09-15,Lady Gaga,7,21.17
2025-09-15,Las Pelotas,2,6.68
2025-09-15,Los Besos,2,0.02
2025-09-15,Lucy Patané,2,5.74
2025-09-15,Luis Alberto Spinetta,1,0.09
2025-09-15,Mac DeMarco,1,0.08
2025-09-15,Marilina Bertoldi,1,2.83
2025-09-15,Martín Buscaglia,1,2.49
2025-09-15,Miranda!,1,1.23
2025-09-15,Pearl Jam,1,1.78
2025-09-15,Perotá Chingó,1,0.24
2025-09-15,Polo & Pan,7,15.0
2025-09-15,ROSALÍA,16,33.91
2025-09-15,Red Hot Chili Peppers,1,0.05
2025-09-15,Rihanna,9,14.82
2025-09-15,Rosario Bléfari,2,3.23
2025-09-15,Serú Girán,2,1.5
2025-09-15,Six Sex,7,15.33
2025-09-15,Steve Lacy,4,8.16
2025-09-15,Sui Generis,2,2.77
2025-09-15,Taylor Swift,2,0.36
2025-09-15,The Velvet Underground,1,2.93
2025-09-15,Trueno,16,14.25
2025-09-15,"Tyler, The Creator",1,0.27
2025-09-15,Underworld,4,3.42
2025-09-15,Usted Señalemelo,1,0.35
2025-09-15,Virus,1,4.45
2025-09-15,WOS,9,7.16
2025-09-22,Arcade Fire,3,2.84
2025-09-22,Babasonicos,6,5.31
2025-09-22,Bad Bunny,37,100.46
2025-09-22,Bizarrap,14,17.45
2025-09-22,Bob Marley & The Wailers,2,0.88
2025-09-22,CA7RIEL & Paco Amoroso,14,16.32
2025-09-22,Charli xcx,43,47.9
2025-09-22,Charly García,5,20.13
2025-09-22,Daft Punk,1,0.19
2025-09-22,Divididos,1,3.95
2025-09-22,Duratierra,1,3.22
2025-09-22,El Kuelgue,1,3.43
2025-09-22,El Mató a un Policía Motorizado,16,34.19
2025-09-22,Emmanuel Horvilleur,2,3.65
2025-09-22,Fito Paez,3,7.18
2025-09-22,Fleetwood Mac,1,4.3
2025-09-22,Fred again..,3,0.17
2025-09-22,Gabo Ferro,3,0.32
2025-09-22,Gauchito Club,1,4.38
2025-09-22,Illya Kuryaki & The Valderramas,1,3.9
2025-09-22,Intoxicados,1,0.1
2025-09-22,Invisible,4,12.39
2025-09-22,Joni Mitchell,1,4.56
2025-09-22,José González,2,0.89
2025-09-22,Kali Uchis,1,0.03
2025-09-22,La Vela Puerca,1,4.34
2025-09-22,Lady Gaga,6,16.63
2025-09-22,Las Pelotas,1,3.13
2025-09-22,Los Besos,1,0.04
2025-09-22,Los Piojos,4,3.67
2025-09-22,Lucy Patané,1,4.42
2025-09-22,Luis Alberto Spinetta,2,4.13
2025-09-22,Mac DeMarco,2,1.5
2025-09-22,Marilina Bertoldi,3,2.9
2025-09-22,Martín Buscaglia,4,9.12
2025-09-22,Mercedes Sosa,2,5.56
2025-09-22,Mora y los Metegoles,2,0.37
2025-09-22,Natalia Lafourcade,1,0.11
2025-09-22,Patricio Rey y sus Redonditos de Ricota,1,3.72
2025-09-22,Pedro Pastor,1,3.03
2025-09-22,Perotá Chingó,2,0.08
2025-09-22,Pescado Rabioso,1,0.01
2025-09-22,Polo & Pan,3,6.43
2025-09-22,ROSALÍA,13,21.92
2025-09-22,Red Hot Chili Peppers,4,0.62
2025-09-22,Rihanna,4,0.63
2025-09-22,Rosario Bléfari,4,8.99
2025-09-22,Serú Girán,1,0.41
2025-09-22,Silvio Rodríguez,6,17.85
2025-09-22,Six Sex,3,7.62
2025-09-22,Steve Lacy,1,3.87
2025-09-22,Suarez,2,4.34
2025-09-22,Sui Generis,1,2.73
2025-09-22,Taylor Swift,4,8.31
2025-09-22,The Beatles,1,2.08
2025-09-22,The Velvet Underground,1,0.07
2025-09-22,Trueno,11,9.4
2025-09-22,Underworld,3,8.29
2025-09-22,Viejas Locas,3,14.02
2025-09-22,Virus,1,3.95
2025-09-22,WOS,8,8.23
2025-09-29,Adrián Berra,2,4.81
2025-09-29,Ainda,6,11.07
2025-09-29,Arcade Fire,5,21.95
2025-09-29,Babasonicos,11,24.31
2025-09-29,Bad Bunny,23,47.0
2025-09-29,Bizarrap,3,9.36
2025-09-29,Bob Marley & The Wailers,2,8.46
2025-09-29,CA7RIEL & Paco Amoroso,18,20.57
2025-09-29,Charli xcx,23,30.55
2025-09-29,Charly García,16,46.72
2025-09-29,Daft Punk,3,5.49
2025-09-29,Devendra Banhart,1,4.59
2025-09-29,Divididos,3,12.8
2025-09-29,Duratierra,3,3.24
2025-09-29,El Kuelgue,3,7.05
2025-09-29,El Mató a un Policía Motorizado,2,3.37
2025-09-29,El Plan De La Mariposa,1,5.11
2025-09-29,Emmanuel Horvilleur,1,3.78
2025-09-29,Feli Colina,1,0.01
2025-09-29,Fito Paez,4,13.37
2025-09-29,Fleetwood Mac,2,4.49
2025-09-29,Fred again..,3,0.24
2025-09-29,Gabo Ferro,2,10.71
2025-09-29,Gauchito Club,1,4.02
2025-09-29,Gustavo Cerati,1,3.61
2025-09-29,Gustavo Pena - El Príncipe,2,0.22
2025-09-29,Illya Kuryaki & The Valderramas,1,5.29
2025-09-29,Intoxicados,1,10.61
2025-09-29,Invisible,3,0.83
2025-09-29,José González,2,0.23
2025-09-29,Juana Molina,1,0.02
2025-09-29,Kali Uchis,3,3.98
2025-09-29,Lady Gaga,3,7.49
2025-09-29,Lisandro Aristimuño,3,8.8
2025-09-29,Los Besos,1,2.42
2025-09-29,Los Piojos,2,8.69
2025-09-29,Lucy Patané,2,6.11
2025-09-29,Luis Alberto Spinetta,3,5.85
2025-09-29,Marilina Bertoldi,1,0.03
2025-09-29,Martín Buscaglia,3,10.28
2025-09-29,Milo j,3,0.11
2025-09-29,Miranda!,1,3.99
2025-09-29,Mora y los Metegoles,2,5.79
2025-09-29,Natalia Lafourcade,1,3.58
2025-09-29,Patricio Rey y sus Redonditos de Ricota,5,21.96
2025-09-29,Pearl Jam,1,4.61
2025-09-29,Perotá Chingó,4,3.63
2025-09-29,Pescado Rabioso,1,3.08
2025-09-29,Polo & Pan,5,6.74
2025-09-29,ROSALÍA,12,22.92
2025-09-29,Rihanna,6,16.07
2025-09-29,Rosario Bléfari,2,6.45
2025-09-29,Serú Girán,12,46.0
2025-09-29,Silvio Rodríguez,2,8.02
2025-09-29,Six Sex,3,5.1
2025-09-29,Steve Lacy,2,0.08
2025-09-29,Suarez,3,8.45
2025-09-29,Sui Generis,1,0.22
2025-09-29,Taylor Swift,5,0.39
2025-09-29,The Beatles,1,2.08
2025-09-29,The Velvet Underground,4,3.76
2025-09-29,Trueno,11,15.51
2025-09-29,Underworld,1,0.08
2025-09-29,Usted Señalemelo,7,13.63
2025-09-29,Viejas Locas,1,5.34
2025-09-29,Virus,5,5.6
2025-09-29,WOS,6,15.99
2025-10-06,Adrián Berra,4,13.05
2025-10-06,Ainda,3,8.67
2025-10-06,Alanis Morissette,6,12.93
2025-10-06,Arcade Fire,4,5.4
2025-10-06,Babasonicos,11,36.68
2025-10-06,Bad Bunny,27,49.19
2025-10-06,Bizarrap,1,3.12
2025-10-06,Bob Marley & The Wailers,3,0.18
2025-10-06,CA7RIEL & Paco Amoroso,38,36.54
2025-10-06,Callejeros,1,0.04
2025-10-06,Charli xcx,35,30.91
2025-10-06,Charly García,12,34.59
2025-10-06,Daft Punk,1,3.15
2025-10-06,Divididos,3,5.84
2025-10-06,Duratierra,2,3.9
2025-10-06,El Kuelgue,3,9.86
2025-10-06,El Mató a un Policía Motorizado,3,7.91
2025-10-06,El Plan De La Mariposa,1,3.67
2025-10-06,Emmanuel Horvilleur,1,0.07
2025-10-06,Feli Colina,1,0.2
2025-10-06,Fito Paez,1,4.32
2025-10-06,Fred again..,2,9.52
2025-10-06,Gauchito Club,7,23.46
2025-10-06,Gustavo Cerati,3,4.94
2025-10-06,Gustavo Pena - El Príncipe,1,0.06
2025-10-06,Illya Kuryaki & The Valderramas,2,4.03
2025-10-06,Intoxicados,2,8.15
2025-10-06,Invisible,2,1.31
2025-10-06,Joni Mitchell,1,3.46
2025-10-06,José González,1,0.11
2025-10-06,La Vela Puerca,1,3.43
2025-10-06,Los Besos,13,8.01
2025-10-06,Los Piojos,5,6.73
2025-10-06,Marilina Bertoldi,3,3.9
2025-10-06,Martín Buscaglia,2,5.55
2025-10-06,Mercedes Sosa,5,14.84
2025-10-06,Natalia Lafourcade,1,0.02
2025-10-06,Patricio Rey y sus Redonditos de Ricota,11,21.92
2025-10-06,Perotá Chingó,1,0.6
2025-10-06,Pescado Rabioso,8,22.89
2025-10-06,Polo & Pan,2,0.05
2025-10-06,ROSALÍA,11,10.17
2025-10-06,Red Hot Chili Peppers,2,8.89
2025-10-06,Rihanna,2,3.59
2025-10-06,Rosario Bléfari,2,5.81
2025-10-06,Serú Girán,9,26.93
2025-10-06,Silvio Rodríguez,18,49.04
2025-10-06,Six Sex,2,5.08
2025-10-06,Steve Lacy,1,0.03
2025-10-06,Suarez,1,3.14
2025-10-06,Sui Generis,2,3.7
2025-10-06,The Strokes,1,2.55
2025-10-06,The Velvet Underground,1,2.65
2025-10-06,Trueno,5,6.56
2025-10-06,Underworld,1,2.27
2025-10-06,Viejas Locas,1,0.03
2025-10-06,WOS,8,8.62
2025-10-13,Adrián Berra,2,6.9
2025-10-13,Ainda,2,5.05
2025-10-13,Alanis Morissette,1,4.41
2025-10-13,Arcade Fire,1,1.46
2025-10-13,Arctic Monkeys,1,0.08
2025-10-13,Babasonicos,5,2.14
2025-10-13,Bad Bunny,37,79.47
2025-10-13,Bizarrap,4,12.48
2025-10-13,CA7RIEL & Paco Amoroso,30,43.2
2025-10-13,Charli xcx,27,49.86
2025-10-13,Charly García,4,13.03
2025-10-13,Daft Punk,3,4.77
2025-10-13,Divididos,1,5.43
2025-10-13,El Kuelgue,1,1.5
2025-10-13,El Mató a un Policía Motorizado,1,5.67
2025-10-13,Fito Paez,10,19.58
2025-10-13,Fred again..,3,0.49
2025-10-13,Gustavo Cerati,5,12.96
2025-10-13,Illya Kuryaki & The Valderramas,1,4.82
2025-10-13,Invisible,2,0.39
2025-10-13,Jorge Drexler,4,6.84
2025-10-13,Kali Uchis,2,1.62
2025-10-13,Lady Gaga,4,14.88
2025-10-13,Lisandro Aristimuño,1,4.42
2025-10-13,Los Besos,17,31.94
2025-10-13,Luis Alberto Spinetta,1,0.01
2025-10-13,Marilina Bertoldi,1,0.03
2025-10-13,Milo j,13,32.08
2025-10-13,Pedro Pastor,3,10.53
2025-10-13,Perotá Chingó,2,0.31
2025-10-13,Pescado Rabioso,1,5.08
2025-10-13,Polo & Pan,6,1.78
2025-10-13,ROSALÍA,18,27.07
2025-10-13,Red Hot Chili Peppers,1,3.69
2025-10-13,Rihanna,6,10.12
2025-10-13,Silvio Rodríguez,16,23.5
2025-10-13,Six Sex,5,10.85
2025-10-13,Srta. Trueno Negro,8,22.23
2025-10-13,Steve Lacy,4,2.82
2025-10-13,Suarez,1,3.14
2025-10-13,Taylor Swift,1,3.34
2025-10-13,The Strokes,1,0.04
2025-10-13,Trueno,22,20.79
2025-10-13,Underworld,4,0.28
2025-10-13,WOS,9,7.58
2025-10-20,Adrián Berra,4,2.99
2025-10-20,Ainda,3,2.32
2025-10-20,Alanis Morissette,2,7.16
2025-10-20,Arcade Fire,3,12.07
2025-10-20,Babasonicos,24,55.95
2025-10-20,Bad Bunny,27,39.04
2025-10-20,Bizarrap,5,11.34
2025-10-20,Bob Marley & The Wailers,4,0.27
2025-10-20,CA7RIEL & Paco Amoroso,7,9.07
2025-10-20,Charli xcx,22,15.18
2025-10-20,Charly García,8,22.33
2025-10-20,Daft Punk,3,8.61
2025-10-20,Devendra Banhart,2,4.62
2025-10-20,Divididos,1,0.42
2025-10-20,Duratierra,4,2.23
2025-10-20,El Kuelgue,2,7.43
2025-10-20,El Mató a un Policía Motorizado,9,13.5
2025-10-20,El Plan De La Mariposa,8,17.02
2025-10-20,Emmanuel Horvilleur,1,0.04
2025-10-20,Feli Colina,1,0.04
2025-10-20,Fito Paez,4,0.05
2025-10-20,Fred again..,2,4.81
2025-10-20,Gabo Ferro,5,3.84
2025-10-20,Gauchito Club,3,3.78
2025-10-20,Gustavo Cerati,1,0.07
2025-10-20,Gustavo Pena - El Príncipe,3,3.39
2025-10-20,Intoxicados,3,0.7
2025-10-20,Joni Mitchell,1,0.03
2025-10-20,José González,2,0.05
2025-10-20,Juana Molina,1,0.03
2025-10-20,Kali Uchis,1,0.02
2025-10-20,La Vela Puerca,1,3.43
2025-10-20,Lady Gaga,5,15.99
2025-10-20,Las Pelotas,1,3.5
2025-10-20,Lisandro Aristimuño,5,4.62
2025-10-20,Los Besos,4,9.61
2025-10-20,Los Piojos,3,7.07
2025-10-20,Luis Alberto Spinetta,7,4.86
2025-10-20,Mac DeMarco,2,3.89
2025-10-20,Marilina Bertoldi,1,0.02
2025-10-20,Martín Buscaglia,3,8.22
2025-10-20,Miranda!,68,123.93
2025-10-20,Mora y los Metegoles,3,5.29
2025-10-20,Natalia Lafourcade,1,3.9
2025-10-20,Nina Simone,6,11.37
2025-10-20,Patricio Rey y sus Redonditos de Ricota,2,0.42
2025-10-20,Pedro Pastor,3,0.98
2025-10-20,Perotá Chingó,5,2.64
2025-10-20,Pescado Rabioso,2,0.2
2025-10-20,Polo & Pan,3,0.13
2025-10-20,ROSALÍA,13,15.49
2025-10-20,Red Hot Chili Peppers,1,3.1
2025-10-20,Rihanna,4,3.96
2025-10-20,Rosario Bléfari,3,3.16
2025-10-20,San Pedro Bonfim,1,3.19
2025-10-20,Serú Girán,3,0.49
2025-10-20,Silvio Rodríguez,3,2.71
2025-10-20,Six Sex,1,2.54
2025-10-20,Srta. Trueno Negro,15,45.9
2025-10-20,Steve Lacy,2,3.57
2025-10-20,Suarez,2,0.07
2025-10-20,Sui Generis,1,0.0
2025-10-20,Taylor Swift,2,1.88
2025-10-20,The Beatles,2,3.05
2025-10-20,The Flaming Lips,1,0.12
2025-10-20,The Strokes,2,4.43
2025-10-20,Trueno,3,0.43
2025-10-20,Underworld,3,11.95
2025-10-20,Viejas Locas,1,5.34
2025-10-20,Virus,3,1.11
2025-10-20,WOS,4,4.26
2025-10-27,Adrián Berra,3,2.09
2025-10-27,Alanis Morissette,1,4.41
2025-10-27,Arcade Fire,2,3.06
2025-10-27,Arctic Monkeys,1,3.9
2025-10-27,Babasonicos,8,10.38
2025-10-27,Bad Bunny,16,37.84
2025-10-27,Bizarrap,3,9.36
2025-10-27,Bob Marley & The Wailers,2,0.06
2025-10-27,CA7RIEL & Paco Amoroso,28,43.39
2025-10-27,Charli xcx,11,14.75
2025-10-27,Charly García,3,8.84
2025-10-27,Daft Punk,5,18.45
2025-10-27,Divididos,1,5.43
2025-10-27,Duratierra,2,3.49
2025-10-27,El Mató a un Policía Motorizado,1,0.1
2025-10-27,El Plan De La Mariposa,2,7.65
2025-10-27,Feli Colina,1,0.08
2025-10-27,Fito Paez,2,2.4
2025-10-27,Fred again..,1,1.53
2025-10-27,Gabo Ferro,1,0.03
2025-10-27,Gauchito Club,1,1.47
2025-10-27,George Harrison,9,15.45
2025-10-27,Gustavo Cerati,2,6.88
2025-10-27,Gustavo Pena - El Príncipe,2,4.47
2025-10-27,Invisible,1,2.07
2025-10-27,Joni Mitchell,2,6.86
2025-10-27,Jorge Drexler,1,2.57
2025-10-27,José González,5,10.78
2025-10-27,Kali Uchis,1,0.58
2025-10-27,Lady Gaga,3,8.18
2025-10-27,Lisandro Aristimuño,2,3.51
2025-10-27,Luis Alberto Spinetta,3,3.36
2025-10-27,Natalia Lafourcade,1,0.02
2025-10-27,Nina Simone,2,7.2
2025-10-27,Perotá Chingó,3,4.83
2025-10-27,Pescado Rabioso,1,0.16
2025-10-27,Polo & Pan,3,8.52
2025-10-27,ROSALÍA,26,64.12
2025-10-27,Red Hot Chili Peppers,2,3.88
2025-10-27,Rihanna,2,3.7
2025-10-27,Serú Girán,3,9.65
2025-10-27,Silvio Rodríguez,2,5.76
2025-10-27,Six Sex,3,8.08
2025-10-27,Srta. Trueno Negro,2,3.2
2025-10-27,Steve Lacy,1,3.87
2025-10-27,Sui Generis,1,0.0
2025-10-27,The Beatles,1,0.05
2025-10-27,The Strokes,2,6.67
2025-10-27,The Velvet Underground,2,0.92
2025-10-27,Trueno,5,8.31
2025-10-27,Underworld,1,0.29
2025-10-27,Virus,1,4.45
2025-10-27,WOS,7,20.93
2025-11-03,Ainda,1,3.44
2025-11-03,Alanis Morissette,1,4.41
2025-11-03,Arcade Fire,1,0.06
2025-11-03,Arctic Monkeys,3,3.75
2025-11-03,Babasonicos,6,2.95
2025-11-03,Bad Bunny,11,30.44
2025-11-03,Bizarrap,2,3.14
2025-11-03,Bob Marley & The Wailers,1,0.07
2025-11-03,CA7RIEL & Paco Amoroso,8,15.02
2025-11-03,Charli xcx,5,7.92
2025-11-03,Charly García,5,5.67
2025-11-03,Daft Punk,1,0.34
2025-11-03,Duratierra,1,0.0
2025-11-03,El Kuelgue,1,0.0
2025-11-03,El Mató a un Policía Motorizado,2,0.1
2025-11-03,Feli Colina,1,0.0
2025-11-03,Fito Paez,1,0.06
2025-11-03,Fred again..,7,33.51
2025-11-03,George Harrison,6,14.8
2025-11-03,Illya Kuryaki & The Valderramas,1,3.9
2025-11-03,Intoxicados,1,0.0
2025-11-03,Invisible,8,0.13
2025-11-03,José González,1,0.0
2025-11-03,Kali Uchis,1,3.46
2025-11-03,Las Pelotas,1,3.13
2025-11-03,Lisandro Aristimuño,3,0.41
2025-11-03,Los Besos,2,0.0
2025-11-03,Los Piojos,1,5.16
2025-11-03,Luis Alberto Spinetta,1,0.0
2025-11-03,Martín Buscaglia,2,0.0
2025-11-03,Mazzy Star,11,51.45
2025-11-03,Miranda!,9,25.33
2025-11-03,Natalia Lafourcade,2,0.14
2025-11-03,Oasis,19,54.71
2025-11-03,Pedro Pastor,1,0.18
2025-11-03,Perotá Chingó,1,0.0
2025-11-03,Polo & Pan,1,3.18
2025-11-03,ROSALÍA,84,208.91
2025-11-03,Rosario Bléfari,1,0.0
2025-11-03,Serú Girán,1,0.21
2025-11-03,Six Sex,1,2.54
2025-11-03,Srta. Trueno Negro,1,0.03
2025-11-03,Suarez,1,0.0
2025-11-03,Sui Generis,3,0.29
2025-11-03,Taylor Swift,1,0.02
2025-11-03,The Beatles,1,0.0
2025-11-03,The Strokes,1,4.41
2025-11-03,The Velvet Underground,1,1.01
2025-11-03,Trueno,2,2.84
2025-11-03,Underworld,1,0.1
2025-11-03,Usted Señalemelo,1,0.0
2025-11-03,Virus,1,0.28
2025-11-03,WOS,1,2.61
2025-11-03,my bloody valentine,23,52.23
2025-11-10,Adrián Berra,1,0.77
2025-11-10,Ainda,1,0.0
2025-11-10,Alanis Morissette,1,4.41
2025-11-10,Arcade Fire,6,1.93
2025-11-10,Arctic Monkeys,5,10.13
2025-11-10,Babasonicos,10,7.29
2025-11-10,Bad Bunny,11,10.1
2025-11-10,Bizarrap,1,0.0
2025-11-10,Bob Marley & The Wailers,3,3.76
2025-11-10,CA7RIEL & Paco Amoroso,7,7.65
2025-11-10,Charli xcx,17,10.03
2025-11-10,Charly García,15,1.33
2025-11-10,Daft Punk,1,5.02
2025-11-10,Divididos,2,0.0
2025-11-10,Duratierra,5,4.75
2025-11-10,El Kuelgue,2,0.0
2025-11-10,El Mató a un Policía Motorizado,5,7.03
2025-11-10,El Plan De La Mariposa,1,0.0
2025-11-10,Emmanuel Horvilleur,1,0.0
2025-11-10,Fleetwood Mac,2,0.0
2025-11-10,Fred again..,5,5.55
2025-11-10,Gabo Ferro,2,1.03
2025-11-10,Gauchito Club,4,4.5
2025-11-10,George Harrison,2,0.84
2025-11-10,Gustavo Pena - El Príncipe,1,0.0
2025-11-10,Illya Kuryaki & The Valderramas,1,0.0
2025-11-10,Intoxicados,2,0.0
2025-11-10,Lady Gaga,2,1.47
2025-11-10,Las Pelotas,2,3.13
2025-11-10,Los Besos,1,2.34
2025-11-10,Los Piojos,4,0.15
2025-11-10,Lucy Patané,2,1.81
2025-11-10,Luis Alberto Spinetta,3,0.01
2025-11-10,Marilina Bertoldi,3,0.0
2025-11-10,Martín Buscaglia,2,0.02
2025-11-10,Mazzy Star,10,41.39
2025-11-10,Miranda!,2,0.15
2025-11-10,Natalia Lafourcade,2,0.01
2025-11-10,Nina Simone,3,1.23
2025-11-10,Oasis,47,102.67
2025-11-10,Patricio Rey y sus Redonditos de Ricota,3,0.0
2025-11-10,Pearl Jam,1,0.0
2025-11-10,Perotá Chingó,3,3.16
2025-11-10,Pescado Rabioso,1,0.0
2025-11-10,Polo & Pan,12,8.77
2025-11-10,ROSALÍA,57,155.96
2025-11-10,Red Hot Chili Peppers,2,0.0
2025-11-10,Rihanna,3,0.17
2025-11-10,Rosario Bléfari,2,0.0
2025-11-10,Serú Girán,4,3.83
2025-11-10,Silvio Rodríguez,6,7.86
2025-11-10,Six Sex,1,2.54
2025-11-10,Srta. Trueno Negro,3,0.3
2025-11-10,Steve Lacy,2,0.0
2025-11-10,Sui Generis,2,0.58
2025-11-10,Taylor Swift,1,0.03
2025-11-10,The Flaming Lips,5,0.0
2025-11-10,The Strokes,4,10.99
2025-11-10,The Velvet Underground,5,3.4
2025-11-10,Trueno,4,0.24
2025-11-10,Underworld,1,7.61
2025-11-10,Usted Señalemelo,9,0.19
2025-11-10,Viejas Locas,2,0.0
2025-11-10,WOS,3,2.7
2025-11-10,my bloody valentine,10,28.23
2025-11-17,Adrián Berra,2,1.08
2025-11-17,Ainda,2,0.05
2025-11-17,Arcade Fire,2,0.1
2025-11-17,Babasonicos,2,0.16
2025-11-17,Charli xcx,5,9.78
2025-11-17,Charly García,3,6.2
2025-11-17,El Mató a un Policía Motorizado,1,5.46
2025-11-17,El Plan De La Mariposa,3,0.09
2025-11-17,Emmanuel Horvilleur,1,0.11
2025-11-17,Fito Paez,1,0.25
2025-11-17,Gauchito Club,1,3.46
2025-11-17,George Harrison,1,3.85
2025-11-17,Gustavo Pena - El Príncipe,1,0.58
2025-11-17,Intoxicados,1,0.03
2025-11-17,Invisible,1,0.02
2025-11-17,La Vela Puerca,1,2.12
2025-11-17,Lady Gaga,2,7.95
2025-11-17,Los Besos,2,3.44
2025-11-17,Los Piojos,1,0.2
2025-11-17,Luis Alberto Spinetta,1,3.36
2025-11-17,Marilina Bertoldi,1,0.02
2025-11-17,Martín Buscaglia,3,10.09
2025-11-17,Mazzy Star,1,0.14
2025-11-17,Miranda!,1,0.02
2025-11-17,Natalia Lafourcade,2,0.09
2025-11-17,Oasis,1,0.33
2025-11-17,Patricio Rey y sus Redonditos de Ricota,2,4.02
2025-11-17,Perotá Chingó,1,0.03
2025-11-17,ROSALÍA,20,35.12
2025-11-17,Red Hot Chili Peppers,2,4.46
2025-11-17,Rihanna,1,0.0
2025-11-17,Rosario Bléfari,4,8.83
2025-11-17,Serú Girán,3,9.33
2025-11-17,Srta. Trueno Negro,2,2.95
2025-11-17,Suarez,1,1.1
2025-11-17,Sui Generis,1,0.03
2025-11-17,The Strokes,2,4.76
2025-11-17,The Velvet Underground,1,2.23
2025-11-17,Trueno,9,0.14
2025-11-17,Usted Señalemelo,2,0.06
2025-11-17,WOS,1,2.54
2025-11-17,my bloody valentine,1,0.28
2025-11-24,Adrián Berra,3,4.16
2025-11-24,Ainda,2,0.01
2025-11-24,Alanis Morissette,1,4.41
2025-11-24,Arcade Fire,2,6.74
2025-11-24,Babasonicos,5,13.0
2025-11-24,Bad Bunny,2,5.95
2025-11-24,CA7RIEL & Paco Amoroso,1,0.11
2025-11-24,Charly García,6,12.1
2025-11-24,Devendra Banhart,33,46.67
2025-11-24,Divididos,2,4.65
2025-11-24,Duratierra,2,8.92
2025-11-24,El Kuelgue,5,4.3
2025-11-24,El Mató a un Policía Motorizado,1,2.44
2025-11-24,Emmanuel Horvilleur,9,3.96
2025-11-24,Fito Paez,5,10.14
2025-11-24,Gabo Ferro,4,6.01
2025-11-24,George Harrison,1,0.03
2025-11-24,Gustavo Pena - El Príncipe,2,2.77
2025-11-24,Invisible,1,0.47
2025-11-24,José González,4,2.98
2025-11-24,Juana Molina,2,5.59
2025-11-24,La Vela Puerca,2,3.42
2025-11-24,Led Zeppelin,1,0.08
2025-11-24,Lisandro Aristimuño,4,6.87
2025-11-24,Los Besos,3,4.79
2025-11-24,Los Piojos,2,4.88
2025-11-24,Luis Alberto Spinetta,4,10.16
2025-11-24,Mac DeMarco,46,142.18
2025-11-24,Martín Buscaglia,3,6.24
2025-11-24,Mazzy Star,3,4.91
2025-11-24,Miranda!,1,3.99
2025-11-24,Mora y los Metegoles,12,24.11
2025-11-24,Natalia Lafourcade,3,8.3
2025-11-24,Nina Simone,1,0.03
2025-11-24,Oasis,15,27.39
2025-11-24,Patricio Rey y sus Redonditos de Ricota,3,10.67
2025-11-24,Perotá Chingó,2,5.19
2025-11-24,Pescado Rabioso,2,3.1
2025-11-24,ROSALÍA,15,39.44
2025-11-24,Red Hot Chili Peppers,2,7.78
2025-11-24,Rihanna,1,0.38
2025-11-24,Rosario Bléfari,2,0.16
2025-11-24,San Pedro Bonfim,3,6.53
2025-11-24,Serú Girán,1,4.94
2025-11-24,Silvio Rodríguez,3,5.81
2025-11-24,Srta. Trueno Negro,7,9.08
2025-11-24,Sui Generis,1,1.05
2025-11-24,The Velvet Underground,2,4.36
2025-11-24,Usted Señalemelo,2,6.94
2025-11-24,Viejas Locas,1,0.02
2025-11-24,my bloody valentine,2,3.31
2025-12-01,Arcade Fire,1,0.05
2025-12-01,Babasonicos,3,6.85
2025-12-01,Callejeros,2,8.33
2025-12-01,Charly García,2,3.16
2025-12-01,Devendra Banhart,3,3.66
2025-12-01,Divididos,2,0.07
2025-12-01,Duratierra,2,0.16
2025-12-01,El Kuelgue,5,13.76
2025-12-01,El Mató a un Policía Motorizado,1,0.07
2025-12-01,El Plan De La Mariposa,8,24.81
2025-12-01,Fito Paez,2,4.54
2025-12-01,Gabo Ferro,2,3.21
2025-12-01,Gauchito Club,2,6.04
2025-12-01,Gustavo Cerati,1,6.47
2025-12-01,Illya Kuryaki & The Valderramas,1,0.02
2025-12-01,Intoxicados,7,26.18
2025-12-01,Javiera Mena,5,8.8
2025-12-01,Juana Molina,1,0.04
2025-12-01,Los Besos,15,37.38
2025-12-01,Los Piojos,2,5.63
2025-12-01,Martín Buscaglia,4,5.12
2025-12-01,Miranda!,2,0.19
2025-12-01,Oasis,1,0.0
2025-12-01,Patricio Rey y sus Redonditos de Ricota,2,4.03
2025-12-01,Polo & Pan,2,0.57
2025-12-01,Rosario Bléfari,1,3.48
2025-12-01,Serú Girán,1,4.94
2025-12-01,Silvio Rodríguez,10,15.53
2025-12-01,Srta. Trueno Negro,3,6.04
2025-12-08,Adrián Berra,2,0.1
2025-12-08,Ainda,1,2.16
2025-12-08,Arcade Fire,2,4.81
2025-12-08,Astro,39,119.52
2025-12-08,Babasonicos,4,8.75
2025-12-08,Bad Bunny,1,0.04
2025-12-08,Bob Marley & The Wailers,2,0.9
2025-12-08,CA7RIEL & Paco Amoroso,1,1.8
2025-12-08,Charly García,4,11.02
2025-12-08,Devendra Banhart,5,8.38
2025-12-08,Divididos,2,0.25
2025-12-08,El Kuelgue,9,29.31
2025-12-08,El Mató a un Policía Motorizado,2,4.18
2025-12-08,El Plan De La Mariposa,22,55.53
2025-12-08,Feli Colina,1,0.04
2025-12-08,Fito Paez,1,4.32
2025-12-08,Gabo Ferro,1,0.02
2025-12-08,Gauchito Club,4,14.28
2025-12-08,Gustavo Cerati,20,37.4
2025-12-08,Gustavo Pena - El Príncipe,2,2.45
2025-12-08,Illya Kuryaki & The Valderramas,1,0.68
2025-12-08,Intoxicados,5,17.64
2025-12-08,Javiera Mena,2,7.7
2025-12-08,José González,1,0.05
2025-12-08,Juana Molina,1,4.41
2025-12-08,Kali Uchis,1,3.46
2025-12-08,Las Pelotas,1,3.5
2025-12-08,Los Besos,5,10.56
2025-12-08,Los Piojos,3,13.51
2025-12-08,Lucy Patané,3,2.29
2025-12-08,Luis Alberto Spinetta,3,10.41
2025-12-08,Mac DeMarco,1,7.04
2025-12-08,Marilina Bertoldi,3,3.88
2025-12-08,Martín Buscaglia,5,10.39
2025-12-08,Mazzy Star,3,10.38
2025-12-08,Miranda!,1,3.99
2025-12-08,Mora y los Metegoles,2,5.05
2025-12-08,Natalia Lafourcade,4,4.25
2025-12-08,Pedro Pastor,1,0.0
2025-12-08,Perotá Chingó,9,30.19
2025-12-08,Pescado Rabioso,2,3.08
2025-12-08,Polo & Pan,1,0.97
2025-12-08,ROSALÍA,3,4.23
2025-12-08,Red Hot Chili Peppers,1,3.1
2025-12-08,San Pedro Bonfim,10,20.64
2025-12-08,Serú Girán,3,9.78
2025-12-08,Silvio Rodríguez,2,0.09
2025-12-08,Suarez,1,0.1
2025-12-08,Taylor Swift,2,3.34
2025-12-08,The Velvet Underground,1,3.3
2025-12-08,Usted Señalemelo,3,7.85
2025-12-08,Virus,1,3.25
2025-12-15,Adrián Berra,1,2.16
2025-12-15,Ainda,2,2.34
2025-12-15,Alanis Morissette,1,4.41
2025-12-15,Astro,3,7.57
2025-12-15,Babasonicos,1,0.05
2025-12-15,Bad Bunny,1,0.14
2025-12-15,CA7RIEL & Paco Amoroso,1,0.0
2025-12-15,Charly García,3,0.21
2025-12-15,Divididos,2,4.8
2025-12-15,Duratierra,7,7.22
2025-12-15,El Kuelgue,4,12.64
2025-12-15,El Mató a un Policía Motorizado,1,0.05
2025-12-15,El Plan De La Mariposa,4,2.17
2025-12-15,Emmanuel Horvilleur,1,3.9
2025-12-15,Feli Colina,1,0.02
2025-12-15,Fito Paez,3,0.18
2025-12-15,Fred again..,1,0.02
2025-12-15,Gabo Ferro,1,0.28
2025-12-15,Gauchito Club,4,5.74
2025-12-15,George Harrison,1,3.85
2025-12-15,Gustavo Cerati,3,0.28
2025-12-15,Illya Kuryaki & The Valderramas,3,4.84
2025-12-15,Intoxicados,5,0.22
2025-12-15,Invisible,2,2.78
2025-12-15,José González,1,3.28
2025-12-15,Juana Molina,1,0.02
2025-12-15,La Vela Puerca,1,0.68
2025-12-15,Las Pelotas,1,0.06
2025-12-15,Led Zeppelin,26,58.81
2025-12-15,Lisandro Aristimuño,4,3.58
2025-12-15,Los Besos,3,3.07
2025-12-15,Los Piojos,3,4.63
2025-12-15,Lucy Patané,1,5.27
2025-12-15,Luis Alberto Spinetta,3,0.07
2025-12-15,Marilina Bertoldi,2,3.23
2025-12-15,Martín Buscaglia,2,4.98
2025-12-15,Mazzy Star,4,6.17
2025-12-15,Mercedes Sosa,1,0.02
2025-12-15,Mora y los Metegoles,2,3.38
2025-12-15,Natalia Lafourcade,2,0.78
2025-12-15,Pearl Jam,1,0.05
2025-12-15,Pedro Pastor,1,0.16
2025-12-15,Perotá Chingó,3,3.66
2025-12-15,ROSALÍA,1,2.59
2025-12-15,Rosario Bléfari,4,5.64
2025-12-15,San Pedro Bonfim,6,7.5
2025-12-15,Serú Girán,3,3.31
2025-12-15,Silvio Rodríguez,3,0.12
2025-12-15,Suarez,1,3.73
2025-12-15,Sui Generis,1,0.02
2025-12-15,The Beatles,1,0.02
2025-12-15,The Velvet Underground,1,0.02
2025-12-15,Trueno,1,0.03
2025-12-15,Usted Señalemelo,5,3.0
2025-12-15,Viejas Locas,2,3.71
2025-12-15,my bloody valentine,1,0.01
2025-12-22,Adrián Berra,2,0.05
2025-12-22,Ainda,1,2.16
2025-12-22,Arcade Fire,2,4.04
2025-12-22,Astro,4,11.48
2025-12-22,Babasonicos,4,4.19
2025-12-22,Charly García,5,13.49
2025-12-22,Devendra Banhart,13,40.37
2025-12-22,Divididos,1,3.08
2025-12-22,Duratierra,2,3.32
2025-12-22,El Kuelgue,2,6.05
2025-12-22,El Mató a un Policía Motorizado,3,3.93
2025-12-22,El Plan De La Mariposa,1,3.83
2025-12-22,Emmanuel Horvilleur,1,4.05
2025-12-22,Fleetwood Mac,2,4.94
2025-12-22,Gabo Ferro,1,0.03
2025-12-22,Gauchito Club,3,3.93
2025-12-22,Gustavo Cerati,4,4.05
2025-12-22,Gustavo Pena - El Príncipe,2,0.21
2025-12-22,Illya Kuryaki & The Valderramas,9,19.39
2025-12-22,Invisible,1,0.26
2025-12-22,Jorge Drexler,7,6.44
2025-12-22,Juana Aguirre,6,9.42
2025-12-22,Juana Molina,2,0.51
2025-12-22,La Vela Puerca,1,3.43
2025-12-22,Las Pelotas,4,7.27
2025-12-22,Led Zeppelin,1,5.62
2025-12-22,Lisandro Aristimuño,3,5.08
2025-12-22,Los Besos,4,4.02
2025-12-22,Lucy Patané,1,0.05
2025-12-22,Luis Alberto Spinetta,2,7.86
2025-12-22,Marilina Bertoldi,1,0.2
2025-12-22,Martín Buscaglia,4,6.58
2025-12-22,Miranda!,1,3.51
2025-12-22,Mora y los Metegoles,1,0.03
2025-12-22,Oasis,7,24.98
2025-12-22,Onda Vaga,11,19.71
2025-12-22,Pearl Jam,1,0.41
2025-12-22,Pedro Pastor,1,0.05
2025-12-22,Perotá Chingó,3,1.64
2025-12-22,Pescado Rabioso,2,3.55
2025-12-22,ROSALÍA,1,2.59
2025-12-22,Rihanna,1,0.65
2025-12-22,Rosario Bléfari,2,2.14
2025-12-22,San Pedro Bonfim,7,7.37
2025-12-22,Srta. Trueno Negro,1,0.03
2025-12-22,Suarez,1,3.14
2025-12-22,The Beatles,1,0.21
2025-12-22,The Velvet Underground,1,3.3
2025-12-22,Underworld,1,0.04
2025-12-22,Usted Señalemelo,2,3.21
2025-12-22,Viejas Locas,1,5.34
2025-12-22,Virus,1,3.95
2025-12-29,Adrián Berra,1,2.18
2025-12-29,Ainda,1,0.05
2025-12-29,Alanis Morissette,1,4.41
2025-12-29,Arcade Fire,1,0.05
2025-12-29,Astro,11,13.52
2025-12-29,Babasonicos,3,4.49
2025-12-29,Bad Bunny,10,24.43
2025-12-29,Bizarrap,2,5.81
2025-12-29,Bob Marley & The Wailers,2,0.17
2025-12-29,CA7RIEL & Paco Amoroso,11,9.95
2025-12-29,Callejeros,2,4.85
2025-12-29,Charli xcx,9,16.41
2025-12-29,Charly García,2,0.07
2025-12-29,Daft Punk,2,0.38
2025-12-29,Devendra Banhart,23,52.15
2025-12-29,Divididos,2,3.25
2025-12-29,Duratierra,1,0.02
2025-12-29,El Kuelgue,13,39.17
2025-12-29,El Mató a un Policía Motorizado,3,7.19
2025-12-29,El Plan De La Mariposa,5,14.81
2025-12-29,Emmanuel Horvilleur,1,0.66
2025-12-29,Feli Colina,1,0.02
2025-12-29,Fito Paez,2,0.04
2025-12-29,Fred again..,1,4.83
2025-12-29,Gabo Ferro,1,0.18
2025-12-29,Gauchito Club,7,14.51
2025-12-29,George Harrison,2,3.88
2025-12-29,Gustavo Cerati,6,13.79
2025-12-29,Gustavo Pena - El Príncipe,1,0.08
2025-12-29,Illya Kuryaki & The Valderramas,11,37.1
2025-12-29,Intoxicados,9,19.87
2025-12-29,Jorge Drexler,3,3.93
2025-12-29,José González,2,3.83
2025-12-29,Juana Aguirre,12,22.11
2025-12-29,La Vela Puerca,1,4.34
2025-12-29,Lady Gaga,1,3.72
2025-12-29,Led Zeppelin,1,0.04
2025-12-29,Lisandro Aristimuño,2,0.12
2025-12-29,Los Besos,1,0.04
2025-12-29,Los Piojos,5,5.06
2025-12-29,Lucy Patané,2,7.68
2025-12-29,Luis Alberto Spinetta,2,0.04
2025-12-29,Mac DeMarco,1,7.04
2025-12-29,Martín Buscaglia,5,5.13
2025-12-29,Mazzy Star,5,5.06
2025-12-29,Milo j,4,12.33
2025-12-29,Mora y los Metegoles,1,2.56
2025-12-29,Nina Simone,3,0.09
2025-12-29,Oasis,1,4.74
2025-12-29,Onda Vaga,6,18.82
2025-12-29,Patricio Rey y sus Redonditos de Ricota,1,4.0
2025-12-29,Pedro Pastor,1,3.03
2025-12-29,Perotá Chingó,1,0.73
2025-12-29,Pescado Rabioso,3,2.85
2025-12-29,Polo & Pan,5,8.12
2025-12-29,ROSALÍA,7,14.54
2025-12-29,Rihanna,3,3.72
2025-12-29,Rosario Bléfari,3,9.22
2025-12-29,San Pedro Bonfim,16,32.96
2025-12-29,Serú Girán,1,4.94
2025-12-29,Silvio Rodríguez,6,14.01
2025-12-29,Six Sex,1,2.54
2025-12-29,Srta. Trueno Negro,6,8.93
2025-12-29,Steve Lacy,1,3.87
2025-12-29,Suarez,1,3.73
2025-12-29,Sui Generis,3,0.06
2025-12-29,The Strokes,2,0.0
2025-12-29,The Velvet Underground,1,0.19
2025-12-29,Trueno,5,6.08
2025-12-29,Underworld,3,2.98
2025-12-29,Viejas Locas,3,6.56
2025-12-29,WOS,4,8.45
2025-12-29,my bloody valentine,2,0.09
2026-01-05,Adrián Berra,1,3.96
2026-01-05,Alanis Morissette,1,0.25
2026-01-05,Arcade Fire,3,1.54
2026-01-05,Astro,2,3.94
2026-01-05,Babasonicos,2,0.07
2026-01-05,Bad Bunny,1,0.01
2026-01-05,Charly García,5,8.41
2026-01-05,Divididos,1,4.77
2026-01-05,Duratierra,2,3.35
2026-01-05,El Kuelgue,9,17.47
2026-01-05,El Mató a un Policía Motorizado,2,4.46
2026-01-05,El Plan De La Mariposa,7,23.41
2026-01-05,Emmanuel Horvilleur,2,4.07
2026-01-05,Fito Paez,2,0.03
2026-01-05,Fred again..,1,0.2
2026-01-05,Gabo Ferro,1,0.05
2026-01-05,Gauchito Club,5,13.39
2026-01-05,Gustavo Cerati,2,7.54
2026-01-05,Gustavo Pena - El Príncipe,2,0.4
2026-01-05,Illya Kuryaki & The Valderramas,4,14.12
2026-01-05,Intoxicados,10,40.71
2026-01-05,Invisible,1,2.07
2026-01-05,Juana Aguirre,3,6.98
2026-01-05,Juana Molina,1,0.03
2026-01-05,Kali Uchis,1,0.04
2026-01-05,La Vela Puerca,1,3.43
2026-01-05,Lisandro Aristimuño,1,0.04
2026-01-05,Los Besos,2,2.45
2026-01-05,Los Piojos,9,18.94
2026-01-05,Luis Alberto Spinetta,2,0.32
2026-01-05,Mac DeMarco,1,5.88
2026-01-05,Marilina Bertoldi,2,0.06
2026-01-05,Martín Buscaglia,4,2.68
2026-01-05,Mora y los Metegoles,1,0.06
2026-01-05,Patricio Rey y sus Redonditos de Ricota,4,4.3
2026-01-05,Pedro Pastor,3,3.25
2026-01-05,Perotá Chingó,7,6.74
2026-01-05,Pescado Rabioso,1,0.08
2026-01-05,Polo & Pan,1,0.02
2026-01-05,ROSALÍA,1,4.1
2026-01-05,Red Hot Chili Peppers,3,0.27
2026-01-05,Rosario Bléfari,2,3.14
2026-01-05,San Pedro Bonfim,2,4.66
2026-01-05,Serú Girán,6,24.33
2026-01-05,Silvio Rodríguez,3,6.25
2026-01-05,Srta. Trueno Negro,1,3.21
2026-01-05,Suarez,3,7.21
2026-01-05,Taylor Swift,2,1.5
2026-01-05,The Beatles,1,0.0
2026-01-05,The Velvet Underground,3,5.3
2026-01-05,Usted Señalemelo,1,4.34
2026-01-05,Viejas Locas,1,3.58
2026-01-05,Virus,2,0.04
2026-01-12,Adrián Berra,1,3.96
2026-01-12,Ainda,2,0.42
2026-01-12,Astro,1,3.92
2026-01-12,Babasonicos,1,0.2
2026-01-12,Charli xcx,7,0.49
2026-01-12,Charly García,1,0.06
2026-01-12,Devendra Banhart,6,21.46
2026-01-12,Divididos,1,0.03
2026-01-12,Duratierra,1,0.03
2026-01-12,El Kuelgue,4,8.93
2026-01-12,El Mató a un Policía Motorizado,3,10.91
2026-01-12,El Plan De La Mariposa,1,3.58
2026-01-12,Emmanuel Horvilleur,1,4.05
2026-01-12,Fleetwood Mac,1,4.42
2026-01-12,Gauchito Club,1,2.82
2026-01-12,Gustavo Cerati,1,1.19
2026-01-12,Illya Kuryaki & The Valderramas,1,4.63
2026-01-12,Intoxicados,2,4.92
2026-01-12,Invisible,2,6.14
2026-01-12,Javiera Mena,25,89.97
2026-01-12,Jorge Drexler,1,3.86
2026-01-12,José González,1,4.4
2026-01-12,Juana Aguirre,37,88.38
2026-01-12,Kali Uchis,1,0.01
2026-01-12,La Vela Puerca,1,0.02
2026-01-12,Los Besos,1,0.0
2026-01-12,Los Piojos,1,0.02
2026-01-12,Lucy Patané,1,3.84
2026-01-12,Luis Alberto Spinetta,4,12.19
2026-01-12,Marilina Bertoldi,3,2.16
2026-01-12,Martín Buscaglia,3,3.67
2026-01-12,Milo j,25,63.94
2026-01-12,Onda Vaga,3,11.6
2026-01-12,Pedro Pastor,1,3.03
2026-01-12,Perotá Chingó,4,5.55
2026-01-12,ROSALÍA,2,2.8
2026-01-12,Rosario Bléfari,1,0.01
2026-01-12,San Pedro Bonfim,4,6.28
2026-01-12,Serú Girán,4,15.81
2026-01-12,Silvio Rodríguez,1,3.35
2026-01-12,Steve Lacy,1,3.87
2026-01-12,Suarez,1,4.23
2026-01-12,Underworld,1,0.02
2026-01-12,Usted Señalemelo,1,4.11
2026-01-19,Adrián Berra,2,3.03
2026-01-19,Ainda,3,5.27
2026-01-19,Arcade Fire,3,7.4
2026-01-19,Arctic Monkeys,3,8.7
2026-01-19,Astro,1,3.92
2026-01-19,Babasonicos,5,10.65
2026-01-19,Bad Bunny,3,6.16
2026-01-19,Charly García,8,3.93
2026-01-19,Devendra Banhart,7,3.65
2026-01-19,Divididos,1,5.43
2026-01-19,Duratierra,1,3.42
2026-01-19,El Kuelgue,2,7.91
2026-01-19,El Mató a un Policía Motorizado,1,0.05
2026-01-19,El Plan De La Mariposa,4,7.83
2026-01-19,Fito Paez,1,1.1
2026-01-19,Gabo Ferro,1,3.4
2026-01-19,Gauchito Club,5,7.51
2026-01-19,Gustavo Cerati,6,19.04
2026-01-19,Illya Kuryaki & The Valderramas,5,12.5
2026-01-19,Indio Solari,1,0.31
2026-01-19,Intoxicados,2,2.76
2026-01-19,Invisible,4,5.22
2026-01-19,Javiera Mena,7,26.52
2026-01-19,Joni Mitchell,1,4.56
2026-01-19,Jorge Drexler,1,3.7
2026-01-19,Juana Aguirre,9,27.05
2026-01-19,Juana Molina,13,51.25
2026-01-19,Lisandro Aristimuño,3,11.31
2026-01-19,Los Besos,3,10.21
2026-01-19,Los Piojos,2,5.09
2026-01-19,Luis Alberto Spinetta,1,3.36
2026-01-19,Mac DeMarco,3,6.3
2026-01-19,Martín Buscaglia,2,3.3
2026-01-19,Mazzy Star,1,4.85
2026-01-19,Milo j,7,22.71
2026-01-19,Miranda!,1,0.79
2026-01-19,Natalia Lafourcade,1,0.03
2026-01-19,Onda Vaga,3,7.71
2026-01-19,Patricio Rey y sus Redonditos de Ricota,1,7.06
2026-01-19,Perotá Chingó,5,14.72
2026-01-19,Pescado Rabioso,1,1.16
2026-01-19,ROSALÍA,2,5.86
2026-01-19,Red Hot Chili Peppers,3,3.13
2026-01-19,Rihanna,1,0.02
2026-01-19,Rosario Bléfari,4,2.23
2026-01-19,San Pedro Bonfim,1,3.19
2026-01-19,Serú Girán,4,21.17
2026-01-19,Srta. Trueno Negro,3,4.68
2026-01-19,Suarez,1,4.23
2026-01-19,Sui Generis,1,4.91
2026-01-19,The Beatles,1,2.99
2026-01-19,The Flaming Lips,2,7.83
2026-01-19,Usted Señalemelo,4,5.43
2026-01-26,Alanis Morissette,10,35.36
2026-01-26,Arcade Fire,1,0.19
2026-01-26,Arctic Monkeys,2,6.22
2026-01-26,Bad Bunny,1,6.13
2026-01-26,Charly García,3,5.96
2026-01-26,Devendra Banhart,2,2.87
2026-01-26,Divididos,2,0.06
2026-01-26,Duratierra,5,16.32
2026-01-26,El Mató a un Policía Motorizado,5,16.44
2026-01-26,Emmanuel Horvilleur,1,3.06
2026-01-26,Fito Paez,3,6.88
2026-01-26,Fleetwood Mac,2,2.07
2026-01-26,Gabo Ferro,1,0.47
2026-01-26,George Harrison,2,4.29
2026-01-26,Gustavo Cerati,2,3.4
2026-01-26,Illya Kuryaki & The Valderramas,4,17.76
2026-01-26,Intoxicados,3,7.02
2026-01-26,Javiera Mena,4,13.28
2026-01-26,Joni Mitchell,1,2.08
2026-01-26,Juana Aguirre,5,10.57
2026-01-26,Juana Molina,4,4.87
2026-01-26,La Vela Puerca,1,4.34
2026-01-26,Las Pelotas,10,28.94
2026-01-26,Los Piojos,1,3.53
2026-01-26,Luis Alberto Spinetta,2,3.52
2026-01-26,Mac DeMarco,2,1.58
2026-01-26,Marilina Bertoldi,1,0.33
2026-01-26,Martín Buscaglia,2,5.45
2026-01-26,Mazzy Star,2,9.81
2026-01-26,Milo j,12,31.62
2026-01-26,Mora y los Metegoles,3,2.05
2026-01-26,Onda Vaga,2,0.89
2026-01-26,Patricio Rey y sus Redonditos de Ricota,1,4.0
2026-01-26,Pedro Pastor,10,19.44
2026-01-26,Perotá Chingó,1,2.69
2026-01-26,Pescado Rabioso,1,0.05
2026-01-26,ROSALÍA,4,4.88
2026-01-26,Serú Girán,1,0.36
2026-01-26,Silvio Rodríguez,2,5.51
2026-01-26,Srta. Trueno Negro,4,12.45
2026-01-26,Steve Lacy,3,7.72
2026-01-26,Suarez,2,6.1
2026-01-26,Sui Generis,1,1.03
2026-01-26,Taylor Swift,2,7.64
2026-01-26,The Flaming Lips,1,3.55
2026-01-26,The Velvet Underground,2,0.32
2026-01-26,Usted Señalemelo,1,0.67
2026-02-02,Alanis Morissette,4,6.3
2026-02-02,Arcade Fire,2,0.51
2026-02-02,Astro,1,0.14
2026-02-02,Charly García,2,4.05
2026-02-02,Devendra Banhart,2,5.12
2026-02-02,El Mató a un Policía Motorizado,3,9.63
2026-02-02,Emmanuel Horvilleur,1,0.21
2026-02-02,Fito Paez,2,0.19
2026-02-02,Gabo Ferro,3,13.65
2026-02-02,George Harrison,1,1.39
2026-02-02,Gustavo Cerati,2,4.49
2026-02-02,Illya Kuryaki & The Valderramas,1,4.63
2026-02-02,Javiera Mena,1,4.41
2026-02-02,Juana Aguirre,2,5.54
2026-02-02,Juana Molina,1,4.51
2026-02-02,Las Pelotas,2,4.0
2026-02-02,Milo j,7,14.79
2026-02-02,Pearl Jam,1,4.62
2026-02-02,Perotá Chingó,1,0.0
2026-02-02,Pescado Rabioso,2,1.06
2026-02-02,Rosario Bléfari,1,2.78
2026-02-02,Serú Girán,1,2.85
2026-02-02,Virus,1,2.26
2026-02-02,WOS,1,0.08
2026-02-09,Adrián Berra,1,0.11
2026-02-09,Alanis Morissette,5,19.79
2026-02-09,Arcade Fire,1,0.0
2026-02-09,Babasonicos,3,7.78
2026-02-09,Bad Bunny,20,52.63
2026-02-09,Bob Marley & The Wailers,1,0.24
2026-02-09,CA7RIEL & Paco Amoroso,5,2.52
2026-02-09,Charli xcx,3,3.36
2026-02-09,Charly García,2,5.13
2026-02-09,Devendra Banhart,3,8.93
2026-02-09,Duratierra,1,0.0
2026-02-09,El Mató a un Policía Motorizado,2,0.14
2026-02-09,El Plan De La Mariposa,1,0.0
2026-02-09,Feli Colina,1,0.09
2026-02-09,Fleetwood Mac,1,4.42
2026-02-09,Gabo Ferro,3,14.16
2026-02-09,Gustavo Cerati,1,1.68
2026-02-09,Illya Kuryaki & The Valderramas,2,4.83
2026-02-09,Intoxicados,2,2.75
2026-02-09,Invisible,1,0.57
2026-02-09,Javiera Mena,12,13.65
2026-02-09,Juana Aguirre,4,10.84
2026-02-09,Juana Molina,1,0.43
2026-02-09,Las Pelotas,3,3.39
2026-02-09,Los Piojos,1,0.22
2026-02-09,Milo j,5,15.36
2026-02-09,Miranda!,2,3.38
2026-02-09,Patricio Rey y sus Redonditos de Ricota,2,7.72
2026-02-09,Perotá Chingó,1,0.28
2026-02-09,Pescado Rabioso,1,5.08
2026-02-09,ROSALÍA,2,0.0
2026-02-09,Rihanna,1,1.05
2026-02-09,Serú Girán,4,18.12
2026-02-09,Silvio Rodríguez,4,11.4
2026-02-09,Srta. Trueno Negro,3,9.24
2026-02-09,Suarez,2,9.82
2026-02-09,Sui Generis,2,4.8
2026-02-09,Underworld,1,1.74
2026-02-09,Usted Señalemelo,2,0.0
2026-02-16,Ainda,1,0.0
2026-02-16,Alanis Morissette,1,0.21
2026-02-16,Astro,4,11.92
2026-02-16,Bad Bunny,14,21.96
2026-02-16,Charly García,5,12.99
2026-02-16,Daft Punk,2,5.02
2026-02-16,Devendra Banhart,7,25.8
2026-02-16,El Mató a un Policía Motorizado,1,3.23
2026-02-16,Fred again..,2,0.16
2026-02-16,Gabo Ferro,1,4.72
2026-02-16,Gauchito Club,1,0.21
2026-02-16,Gustavo Cerati,2,9.24
2026-02-16,Gustavo Pena - El Príncipe,1,0.37
2026-02-16,Illya Kuryaki & The Valderramas,2,9.26
2026-02-16,Intoxicados,2,5.92
2026-02-16,Javiera Mena,4,9.99
2026-02-16,Joni Mitchell,1,0.01
2026-02-16,Jorge Drexler,2,7.72
2026-02-16,Juana Aguirre,3,7.71
2026-02-16,Juana Molina,1,1.34
2026-02-16,Las Pelotas,1,3.2
2026-02-16,Los Besos,1,2.34
2026-02-16,Los Piojos,1,0.03
2026-02-16,Luis Alberto Spinetta,3,2.57
2026-02-16,Mac DeMarco,11,30.54
2026-02-16,Martín Buscaglia,1,2.58
2026-02-16,Mercedes Sosa,1,0.07
2026-02-16,Milo j,1,0.29
2026-02-16,Onda Vaga,6,15.75
2026-02-16,Perotá Chingó,1,0.8
2026-02-16,Pescado Rabioso,1,0.54
2026-02-16,Phoebe Bridgers,16,55.52
2026-02-16,Red Hot Chili Peppers,1,4.14
2026-02-16,San Pedro Bonfim,4,10.18
2026-02-16,Serú Girán,2,1.63
2026-02-16,Silvio Rodríguez,1,0.0
2026-02-16,Suarez,2,7.87
2026-02-16,Taylor Swift,1,0.02
2026-02-16,Usted Señalemelo,2,3.1
2026-02-23,Adrián Berra,30,73.33
2026-02-23,Alanis Morissette,1,1.31
2026-02-23,Arcade Fire,3,0.55
2026-02-23,Astro,2,7.77
2026-02-23,Babasonicos,1,0.38
2026-02-23,Bad Bunny,9,21.12
2026-02-23,Charli xcx,3,0.0
2026-02-23,Charly García,3,3.1
2026-02-23,Devendra Banhart,9,15.3
2026-02-23,Duratierra,1,2.12
2026-02-23,El Mató a un Policía Motorizado,1,0.0
2026-02-23,Feli Colina,1,0.0
2026-02-23,Fleetwood Mac,1,0.32
2026-02-23,Gabo Ferro,4,17.58
2026-02-23,Illya Kuryaki & The Valderramas,8,14.14
2026-02-23,Javiera Mena,9,37.49
2026-02-23,Joni Mitchell,1,3.46
2026-02-23,Jorge Drexler,2,3.87
2026-02-23,Juana Aguirre,7,13.31
2026-02-23,Juana Molina,4,12.75
2026-02-23,Las Pelotas,5,6.51
2026-02-23,Los Piojos,2,3.55
2026-02-23,Luis Alberto Spinetta,2,4.27
2026-02-23,Mac DeMarco,1,2.1
2026-02-23,Martín Buscaglia,3,6.81
2026-02-23,Mazzy Star,2,3.41
2026-02-23,Mercedes Sosa,1,0.26
2026-02-23,Milo j,1,2.94
2026-02-23,Mora y los Metegoles,1,2.56
2026-02-23,Onda Vaga,5,5.11
2026-02-23,Pescado Rabioso,2,0.05
2026-02-23,Phoebe Bridgers,4,7.83
2026-02-23,ROSALÍA,11,8.74
2026-02-23,Rosario Bléfari,1,0.0
2026-02-23,San Pedro Bonfim,4,6.0
2026-02-23,Serú Girán,4,6.43
2026-02-23,Silvio Rodríguez,6,12.77
2026-02-23,Steve Lacy,1,1.52
2026-02-23,Suarez,3,5.49
2026-02-23,Sui Generis,1,0.02
2026-02-23,Usted Señalemelo,6,18.27
2026-02-23,Viejas Locas,1,0.57
2026-02-23,Virus,2,2.4
2026-02-23,my bloody valentine,2,4.21
2026-03-02,Adrián Berra,2,0.7
2026-03-02,Astro,1,0.01
2026-03-02,Babasonicos,3,0.14
2026-03-02,Bad Bunny,18,1.5
2026-03-02,Bob Marley & The Wailers,2,0.57
2026-03-02,Charli xcx,1,0.0
2026-03-02,Charly García,9,0.7
2026-03-02,Devendra Banhart,7,15.66
2026-03-02,Duratierra,3,5.77
2026-03-02,El Plan De La Mariposa,1,0.02
2026-03-02,Fito Paez,1,0.0
2026-03-02,Fleetwood Mac,1,0.19
2026-03-02,Gabo Ferro,2,3.47
2026-03-02,Gauchito Club,2,3.51
2026-03-02,Gustavo Cerati,1,4.62
2026-03-02,Gustavo Pena - El Príncipe,1,2.76
2026-03-02,Illya Kuryaki & The Valderramas,4,13.37
2026-03-02,Javiera Mena,1,3.57
2026-03-02,Joni Mitchell,2,0.09
2026-03-02,Jorge Drexler,1,3.86
2026-03-02,Juana Aguirre,2,3.6
2026-03-02,Juana Molina,3,0.13
2026-03-02,Kali Uchis,2,0.0
2026-03-02,La Vela Puerca,1,1.91
2026-03-02,Led Zeppelin,1,1.34
2026-03-02,Lucy Patané,1,3.84
2026-03-02,Luis Alberto Spinetta,2,2.86
2026-03-02,Mac DeMarco,1,0.0
2026-03-02,Marilina Bertoldi,3,3.27
2026-03-02,Martín Buscaglia,5,11.98
2026-03-02,Milo j,5,13.86
2026-03-02,Natalia Lafourcade,1,0.02
2026-03-02,Onda Vaga,2,3.7
2026-03-02,Pedro Pastor,2,3.31
2026-03-02,Perotá Chingó,1,3.03
2026-03-02,Phoebe Bridgers,2,4.08
2026-03-02,Rosario Bléfari,2,0.74
2026-03-02,San Pedro Bonfim,3,5.52
2026-03-02,Serú Girán,1,0.14
2026-03-02,Silvio Rodríguez,1,0.28
2026-03-02,Srta. Trueno Negro,2,0.03
2026-03-02,Steve Lacy,1,3.87
2026-03-02,Sui Generis,1,0.0
2026-03-02,Underworld,1,0.02
2026-03-02,Usted Señalemelo,2,8.45
2026-03-09,Adrián Berra,6,3.79
2026-03-09,Astro,1,1.87
2026-03-09,Charly García,1,0.09
2026-03-09,Devendra Banhart,1,3.46
2026-03-09,Duratierra,1,0.0
2026-03-09,Gustavo Cerati,1,0.58
2026-03-09,Invisible,1,2.76
2026-03-09,Milo j,1,2.94
2026-03-09,Polo & Pan,1,0.22
2026-03-09,Viejas Locas,1,0.02
2026-03-09,my bloody valentine,1,0.0
2026-03-16,Adrián Berra,6,9.02
2026-03-16,Ainda,1,0.87
2026-03-16,Alanis Morissette,2,7.69
2026-03-16,Astro,3,11.1
2026-03-16,Babasonicos,1,3.68
2026-03-16,Bad Bunny,3,2.67
2026-03-16,Bob Marley & The Wailers,1,2.96
2026-03-16,CA7RIEL & Paco Amoroso,17,0.21
2026-03-16,Charly García,5,9.27
2026-03-16,Devendra Banhart,4,16.35
2026-03-16,Duratierra,1,2.12
2026-03-16,El Mató a un Policía Motorizado,5,17.28
2026-03-16,El Plan De La Mariposa,2,4.51
2026-03-16,Emmanuel Horvilleur,1,4.05
2026-03-16,Fito Paez,1,0.08
2026-03-16,Fleetwood Mac,10,17.6
2026-03-16,Gabo Ferro,3,14.16
2026-03-16,Gauchito Club,1,3.26
2026-03-16,George Harrison,1,3.85
2026-03-16,Gustavo Pena - El Príncipe,1,1.64
2026-03-16,Illya Kuryaki & The Valderramas,3,9.29
2026-03-16,Intoxicados,3,6.57
2026-03-16,Javiera Mena,8,33.0
2026-03-16,Joni Mitchell,7,22.14
2026-03-16,Juana Aguirre,4,10.02
2026-03-16,Juana Molina,5,7.21
2026-03-16,La Vela Puerca,1,4.34
2026-03-16,Las Pelotas,6,13.76
2026-03-16,Lucy Patané,1,3.35
2026-03-16,Mac DeMarco,2,9.47
2026-03-16,Martín Buscaglia,6,16.69
2026-03-16,Mazzy Star,2,5.17
2026-03-16,Milo j,9,23.09
2026-03-16,Mora y los Metegoles,1,3.23
2026-03-16,Natalia Lafourcade,1,0.08
2026-03-16,Nina Simone,1,3.6
2026-03-16,Pedro Pastor,1,3.03
2026-03-16,Perotá Chingó,3,4.65
2026-03-16,Pescado Rabioso,1,5.08
2026-03-16,Phoebe Bridgers,3,11.49
2026-03-16,Polo & Pan,1,3.71
2026-03-16,ROSALÍA,1,0.36
2026-03-16,Rosario Bléfari,2,0.12
2026-03-16,San Pedro Bonfim,1,2.33
2026-03-16,Serú Girán,3,12.54
2026-03-16,Silvio Rodríguez,4,10.16
2026-03-16,Srta. Trueno Negro,11,26.28
2026-03-16,Suarez,2,9.05
2026-03-16,The Flaming Lips,1,3.05
2026-03-16,The Velvet Underground,1,3.3
2026-03-16,Usted Señalemelo,2,8.07
2026-03-16,Viejas Locas,1,5.34
2026-03-16,Virus,2,5.32
2026-03-16,my bloody valentine,2,0.08
2026-03-23,Adrián Berra,2,0.3
2026-03-23,Ainda,2,0.11
2026-03-23,Alanis Morissette,1,0.02
2026-03-23,Aretha Franklin,29,80.01
2026-03-23,Astro,1,0.79
2026-03-23,Babasonicos,3,11.23
2026-03-23,Bad Bunny,3,11.9
2026-03-23,Bob Marley & The Wailers,1,0.17
2026-03-23,CA7RIEL & Paco Amoroso,5,0.05
2026-03-23,Callejeros,3,8.89
2026-03-23,Charly García,7,19.52
2026-03-23,Divididos,5,13.08
2026-03-23,Duratierra,2,5.44
2026-03-23,El Kuelgue,3,6.73
2026-03-23,Fito Paez,2,4.58
2026-03-23,Fleetwood Mac,9,15.85
2026-03-23,Gabo Ferro,2,7.59
2026-03-23,Gustavo Cerati,1,3.9
2026-03-23,Gustavo Pena - El Príncipe,1,4.41
2026-03-23,Javiera Mena,2,7.98
2026-03-23,Joni Mitchell,4,7.43
2026-03-23,Jorge Drexler,1,3.64
2026-03-23,Juana Aguirre,1,0.05
2026-03-23,Juana Molina,1,0.14
2026-03-23,La Vela Puerca,9,27.09
2026-03-23,Las Pelotas,3,10.5
2026-03-23,Lisandro Aristimuño,3,8.15
2026-03-23,Los Besos,1,3.28
2026-03-23,Los Piojos,3,14.79
2026-03-23,Milo j,8,21.09
2026-03-23,Natalia Lafourcade,1,0.42
2026-03-23,Patricio Rey y sus Redonditos de Ricota,10,37.71
2026-03-23,Perotá Chingó,2,4.69
2026-03-23,Phoebe Bridgers,1,2.04
2026-03-23,ROSALÍA,1,3.26
2026-03-23,Red Hot Chili Peppers,4,7.7
2026-03-23,Serú Girán,2,4.98
2026-03-23,Silvio Rodríguez,26,56.88
2026-03-23,Suarez,2,0.82
2026-03-23,Taylor Swift,1,0.02
2026-03-23,The Flaming Lips,1,4.79
2026-03-23,Usted Señalemelo,1,0.61
2026-03-23,Viejas Locas,1,0.51
2026-03-30,Adrián Berra,3,2.84
2026-03-30,Arcade Fire,1,0.23
2026-03-30,Arctic Monkeys,1,3.9
2026-03-30,Aretha Franklin,7,15.59
2026-03-30,Babasonicos,4,12.2
2026-03-30,Bad Bunny,2,1.79
2026-03-30,Bob Marley & The Wailers,2,0.61
2026-03-30,CA7RIEL & Paco Amoroso,3,3.11
2026-03-30,Callejeros,5,16.65
2026-03-30,Charly García,8,22.32
2026-03-30,Devendra Banhart,3,9.2
2026-03-30,Divididos,4,10.15
2026-03-30,El Mató a un Policía Motorizado,1,3.03
2026-03-30,Emmanuel Horvilleur,1,4.05
2026-03-30,Feli Colina,1,0.66
2026-03-30,Fito Paez,3,0.42
2026-03-30,Fleetwood Mac,13,22.53
2026-03-30,Frank Ocean,10,30.51
2026-03-30,Gauchito Club,4,10.65
2026-03-30,Gustavo Cerati,3,10.65
2026-03-30,Gustavo Pena - El Príncipe,2,4.49
2026-03-30,Invisible,2,5.45
2026-03-30,Javiera Mena,14,60.91
2026-03-30,Joni Mitchell,4,12.84
2026-03-30,Jorge Drexler,1,3.48
2026-03-30,José González,4,4.62
2026-03-30,Juana Molina,3,3.72
2026-03-30,Kali Uchis,1,2.67
2026-03-30,Los Besos,3,2.63
2026-03-30,Los Piojos,3,3.6
2026-03-30,Lucy Patané,1,0.06
2026-03-30,Luis Alberto Spinetta,1,5.57
2026-03-30,Mac DeMarco,1,2.1
2026-03-30,Martín Buscaglia,1,3.21
2026-03-30,Milo j,53,155.23
2026-03-30,Mora y los Metegoles,1,3.23
2026-03-30,Natalia Lafourcade,10,20.36
2026-03-30,Perotá Chingó,4,3.08
2026-03-30,Pescado Rabioso,2,0.58
2026-03-30,Phoebe Bridgers,1,3.83
2026-03-30,ROSALÍA,2,0.44
2026-03-30,Silvio Rodríguez,7,14.9
2026-03-30,Suarez,3,6.3
2026-03-30,Taylor Swift,1,3.82
2026-03-30,The Velvet Underground,1,1.34
2026-03-30,Usted Señalemelo,3,4.57
2026-03-30,Viejas Locas,1,5.34
2026-03-30,Virus,1,4.45
2026-03-30,WOS,1,1.68
2026-04-06,Adrián Berra,3,8.85
2026-04-06,Ainda,2,5.7
2026-04-06,Alanis Morissette,1,4.41
2026-04-06,Arcade Fire,4,12.68
2026-04-06,Aretha Franklin,5,7.64
2026-04-06,Babasonicos,4,12.05
2026-04-06,Bad Bunny,2,4.11
2026-04-06,Bob Marley & The Wailers,2,6.72
2026-04-06,CA7RIEL & Paco Amoroso,4,0.51
2026-04-06,Callejeros,5,13.86
2026-04-06,Charly García,13,44.93
2026-04-06,Devendra Banhart,2,3.8
2026-04-06,Divididos,2,4.05
2026-04-06,Duratierra,2,5.3
2026-04-06,El Kuelgue,1,4.0
2026-04-06,El Mató a un Policía Motorizado,8,20.43
2026-04-06,El Plan De La Mariposa,1,0.01
2026-04-06,Emmanuel Horvilleur,1,4.05
2026-04-06,Feli Colina,2,0.78
2026-04-06,Fito Paez,4,8.83
2026-04-06,Fleetwood Mac,7,21.32
2026-04-06,Frank Ocean,8,20.1
2026-04-06,Gabo Ferro,2,6.48
2026-04-06,Gauchito Club,2,7.48
2026-04-06,George Harrison,1,3.85
2026-04-06,Gustavo Pena - El Príncipe,1,3.89
2026-04-06,Intoxicados,3,8.18
2026-04-06,Invisible,1,0.24
2026-04-06,Javiera Mena,2,7.25
2026-04-06,Joni Mitchell,3,5.59
2026-04-06,José González,1,3.28
2026-04-06,Juana Aguirre,26,79.17
2026-04-06,Juana Molina,1,0.03
2026-04-06,La Vela Puerca,1,3.43
2026-04-06,Las Pelotas,1,3.2
2026-04-06,Led Zeppelin,1,5.62
2026-04-06,Los Besos,2,4.76
2026-04-06,Los Piojos,1,0.07
2026-04-06,Luis Alberto Spinetta,4,17.7
2026-04-06,Mac DeMarco,1,3.86
2026-04-06,Marilina Bertoldi,1,1.0
2026-04-06,Martín Buscaglia,1,2.54
2026-04-06,Mazzy Star,2,9.81
2026-04-06,Milo j,20,49.11
2026-04-06,Natalia Lafourcade,2,3.62
2026-04-06,Nina Simone,1,3.6
2026-04-06,Patricio Rey y sus Redonditos de Ricota,2,11.16
2026-04-06,Perotá Chingó,1,0.48
2026-04-06,Pescado Rabioso,2,10.27
2026-04-06,Phoebe Bridgers,2,3.89
2026-04-06,Polo & Pan,1,3.71
2026-04-06,ROSALÍA,7,13.58
2026-04-06,Red Hot Chili Peppers,1,3.1
2026-04-06,Rosario Bléfari,1,0.02
2026-04-06,San Pedro Bonfim,1,0.35
2026-04-06,Serú Girán,3,7.08
2026-04-06,Silvio Rodríguez,6,15.94
2026-04-06,Steve Lacy,2,1.84
2026-04-06,Suarez,2,4.91
2026-04-06,Sui Generis,2,6.98
2026-04-06,The Flaming Lips,1,0.0
2026-04-06,The Strokes,1,4.41
2026-04-06,The Velvet Underground,1,2.65
2026-04-06,Trueno,2,0.18
2026-04-06,Usted Señalemelo,2,6.53
2026-04-06,Virus,2,7.9
2026-04-06,WOS,1,0.04
2026-04-13,Arcade Fire,1,0.0
2026-04-13,Arctic Monkeys,3,8.88
2026-04-13,Aretha Franklin,7,14.75
2026-04-13,Babasonicos,5,11.22
2026-04-13,CA7RIEL & Paco Amoroso,2,0.04
2026-04-13,Charly García,3,9.44
2026-04-13,El Mató a un Policía Motorizado,4,12.12
2026-04-13,Emmanuel Horvilleur,1,3.28
2026-04-13,Frank Ocean,3,7.23
2026-04-13,Gustavo Cerati,3,5.12
2026-04-13,Invisible,1,0.0
2026-04-13,Jorge Drexler,41,122.69
2026-04-13,José González,1,1.13
2026-04-13,Juana Aguirre,3,6.37
2026-04-13,Kali Uchis,8,24.82
2026-04-13,Lucy Patané,47,119.49
2026-04-13,Luis Alberto Spinetta,2,4.13
2026-04-13,Mac DeMarco,4,13.6
2026-04-13,Milo j,23,72.47
2026-04-13,Natalia Lafourcade,2,3.3
2026-04-13,Patricio Rey y sus Redonditos de Ricota,1,0.0
2026-04-13,ROSALÍA,2,0.48
2026-04-13,Rihanna,1,3.73
2026-04-13,Silvio Rodríguez,1,0.07
2026-04-13,Sui Generis,1,1.52
2026-04-13,Taylor Swift,1,3.82
2026-04-13,The Beatles,1,2.08
2026-04-13,The Strokes,1,3.15
2026-04-13,Trueno,2,0.0
2026-04-13,"Tyler, The Creator",5,13.45
2026-04-13,Viejas Locas,1,3.34
2026-04-13,Virus,8,0.17
2026-04-20,Arcade Fire,1,0.61
2026-04-20,Arctic Monkeys,1,3.07
2026-04-20,Aretha Franklin,3,4.97
2026-04-20,Babasonicos,2,1.46
2026-04-20,Bad Bunny,3,0.0
2026-04-20,Bob Marley & The Wailers,1,0.22
2026-04-20,CA7RIEL & Paco Amoroso,4,0.02
2026-04-20,Callejeros,13,42.75
2026-04-20,El Mató a un Policía Motorizado,3,6.06
2026-04-20,Emmanuel Horvilleur,1,0.25
2026-04-20,Frank Ocean,64,184.77
2026-04-20,Javiera Mena,13,57.76
2026-04-20,Jorge Drexler,4,10.36
2026-04-20,Juana Aguirre,26,65.71
2026-04-20,Kali Uchis,19,41.12
2026-04-20,Lucy Patané,17,47.61
2026-04-20,Mac DeMarco,170,514.57
2026-04-20,Milo j,3,6.5
2026-04-20,Natalia Lafourcade,1,3.3
2026-04-20,Nina Simone,22,53.32
2026-04-20,Patricio Rey y sus Redonditos de Ricota,7,13.48
2026-04-20,Pearl Jam,3,4.79
2026-04-20,ROSALÍA,1,3.26
2026-04-20,Silvio Rodríguez,1,2.12
2026-04-20,The Strokes,2,7.82
2026-04-20,Trueno,8,0.22
2026-04-20,"Tyler, The Creator",8,21.81
2026-04-20,Virus,1,0.0
2026-04-27,Ainda,4,0.36
2026-04-27,Arctic Monkeys,23,65.14
2026-04-27,Babasonicos,4,5.55
2026-04-27,Bizarrap,1,0.09
2026-04-27,CA7RIEL & Paco Amoroso,2,0.0
2026-04-27,Charly García,2,4.71
2026-04-27,Duratierra,2,6.02
2026-04-27,El Mató a un Policía Motorizado,2,4.09
2026-04-27,Fleetwood Mac,1,3.32
2026-04-27,Frank Ocean,83,226.88
2026-04-27,Gabo Ferro,2,5.96
2026-04-27,Gauchito Club,1,0.02
2026-04-27,George Harrison,1,3.03
2026-04-27,Illya Kuryaki & The Valderramas,12,19.36
2026-04-27,Javiera Mena,1,1.05
2026-04-27,Joni Mitchell,1,2.36
2026-04-27,Jorge Drexler,1,3.17
2026-04-27,Juana Aguirre,15,37.14
2026-04-27,Juana Molina,1,4.09
2026-04-27,Kali Uchis,2,4.78
2026-04-27,La Vela Puerca,2,4.63
2026-04-27,Los Besos,1,0.02
2026-04-27,Lucy Patané,16,53.64
2026-04-27,Luis Alberto Spinetta,1,0.06
2026-04-27,Mac DeMarco,23,66.79
2026-04-27,Marilina Bertoldi,5,17.23
2026-04-27,Martín Buscaglia,1,0.0
2026-04-27,Mazzy Star,2,5.28
2026-04-27,Milo j,28,13.16
2026-04-27,Mora y los Metegoles,4,13.28
2026-04-27,Natalia Lafourcade,1,3.7
2026-04-27,Pescado Rabioso,1,0.09
2026-04-27,Phoebe Bridgers,1,3.83
2026-04-27,ROSALÍA,9,31.3
2026-04-27,Suarez,10,33.16
2026-04-27,Sui Generis,1,0.34
2026-04-27,The Beatles,2,2.77
2026-04-27,The Strokes,1,3.7
2026-04-27,Trueno,3,0.0
2026-04-27,"Tyler, The Creator",23,62.18
2026-04-27,Usted Señalemelo,2,0.0
2026-05-04,Ainda,2,0.5
2026-05-04,Aretha Franklin,12,29.12
2026-05-04,Babasonicos,6,8.26
2026-05-04,Bob Marley & The Wailers,1,4.52
2026-05-04,Callejeros,1,4.59
2026-05-04,Charli xcx,1,0.26
2026-05-04,Charly García,4,14.64
2026-05-04,Daft Punk,1,5.02
2026-05-04,Divididos,2,8.08
2026-05-04,Duratierra,1,0.78
2026-05-04,El Kuelgue,11,34.33
2026-05-04,El Mató a un Policía Motorizado,1,3.89
2026-05-04,El Plan De La Mariposa,8,31.02
2026-05-04,Feli Colina,1,0.83
2026-05-04,Fleetwood Mac,1,4.3
2026-05-04,Frank Ocean,14,29.51
2026-05-04,Gabo Ferro,1,0.25
2026-05-04,Gauchito Club,7,21.12
2026-05-04,Gustavo Cerati,1,0.1
2026-05-04,Gustavo Pena - El Príncipe,3,5.32
2026-05-04,Illya Kuryaki & The Valderramas,1,4.63
2026-05-04,Intoxicados,5,28.03
2026-05-04,Javiera Mena,1,5.42
2026-05-04,Joni Mitchell,1,4.56
2026-05-04,José González,1,0.46
2026-05-04,Juana Aguirre,2,2.17
2026-05-04,Juana Molina,2,8.62
2026-05-04,Kali Uchis,1,3.71
2026-05-04,La Vela Puerca,1,3.43
2026-05-04,Los Besos,1,4.15
2026-05-04,Los Piojos,5,18.97
2026-05-04,Lucy Patané,2,4.3
2026-05-04,Luis Alberto Spinetta,3,7.72
2026-05-04,Mac DeMarco,33,80.71
2026-05-04,Marilina Bertoldi,1,3.76
2026-05-04,Martín Buscaglia,4,9.07
2026-05-04,Mazzy Star,1,4.96
2026-05-04,Milo j,4,3.24
2026-05-04,Miranda!,1,3.39
2026-05-04,Patricio Rey y sus Redonditos de Ricota,1,7.16
2026-05-04,Red Hot Chili Peppers,1,3.1
2026-05-04,Rihanna,2,0.23
2026-05-04,Rosario Bléfari,1,2.97
2026-05-04,Silvio Rodríguez,2,5.21
2026-05-04,Srta. Trueno Negro,2,5.18
2026-05-04,Steve Lacy,1,3.87
2026-05-04,Sui Generis,1,2.73
2026-05-04,The Flaming Lips,2,7.83
2026-05-04,The Strokes,2,6.72
2026-05-04,Underworld,1,0.34
2026-05-04,Usted Señalemelo,2,7.53
2026-05-04,Viejas Locas,2,6.92
2026-05-04,Virus,1,0.03
2026-05-04,WOS,2,3.11
2026-05-11,Alanis Morissette,1,0.11
2026-05-11,Aretha Franklin,1,0.12
2026-05-11,Callejeros,2,4.56
2026-05-11,Charly García,1,4.7
2026-05-11,El Mató a un Policía Motorizado,1,3.03
2026-05-11,Fleetwood Mac,2,3.4
2026-05-11,Frank Ocean,3,8.59
2026-05-11,Joni Mitchell,1,3.57
2026-05-11,Jorge Drexler,1,3.17
2026-05-11,Juana Aguirre,1,0.08
2026-05-11,Luis Alberto Spinetta,1,0.0
2026-05-11,Mac DeMarco,4,4.2
2026-05-11,Milo j,3,5.8
2026-05-11,Natalia Lafourcade,1,0.04
2026-05-11,Silvio Rodríguez,1,0.31
2026-05-18,Ainda,1,3.51
2026-05-18,Babasonicos,2,4.14
2026-05-18,Bad Bunny,1,0.07
2026-05-18,Bob Marley & The Wailers,1,2.43
2026-05-18,Charli xcx,4,0.04
2026-05-18,Charly García,2,6.06
2026-05-18,El Kuelgue,1,4.0
2026-05-18,El Mató a un Policía Motorizado,2,11.13
2026-05-18,Emmanuel Horvilleur,1,0.0
2026-05-18,Fito Paez,10,32.71
2026-05-18,Gabo Ferro,1,0.03
2026-05-18,Gauchito Club,1,2.82
2026-05-18,Gustavo Cerati,2,0.47
2026-05-18,Javiera Mena,14,49.63
2026-05-18,Jorge Drexler,3,0.01
2026-05-18,Juana Aguirre,3,6.92
2026-05-18,Kali Uchis,1,2.67
2026-05-18,Las Pelotas,1,3.5
2026-05-18,Led Zeppelin,1,5.62
2026-05-18,Lisandro Aristimuño,1,0.22
2026-05-18,Los Piojos,1,5.72
2026-05-18,Mac DeMarco,1,1.84
2026-05-18,Mercedes Sosa,1,0.04
2026-05-18,Miranda!,1,3.39
2026-05-18,Polo & Pan,1,0.53
2026-05-18,ROSALÍA,1,2.59
2026-05-18,Red Hot Chili Peppers,1,0.67
2026-05-18,Rosario Bléfari,2,6.62
2026-05-18,Serú Girán,1,2.1
2026-05-18,Trueno,1,2.58
2026-05-18,Underworld,1,7.61
2026-05-18,Usted Señalemelo,44,128.8
2026-05-25,Adrián Berra,8,8.45
2026-05-25,Ainda,3,5.29
2026-05-25,Alanis Morissette,1,3.7
2026-05-25,Arcade Fire,2,0.47
2026-05-25,Babasonicos,1,3.34
2026-05-25,Bad Bunny,2,7.15
2026-05-25,Bob Marley & The Wailers,1,0.36
2026-05-25,CA7RIEL & Paco Amoroso,1,0.02
2026-05-25,Callejeros,1,4.56
2026-05-25,Charly García,2,3.22
2026-05-25,Daft Punk,1,0.02
2026-05-25,Devendra Banhart,1,0.64
2026-05-25,Duratierra,1,3.44
2026-05-25,El Mató a un Policía Motorizado,1,3.89
2026-05-25,El Plan De La Mariposa,1,3.04
2026-05-25,Emmanuel Horvilleur,1,1.55
2026-05-25,Feli Colina,1,0.03
2026-05-25,Fito Paez,2,4.31
2026-05-25,Fleetwood Mac,1,4.42
2026-05-25,Gabo Ferro,1,3.28
2026-05-25,Intoxicados,1,3.54
2026-05-25,Invisible,1,0.08
2026-05-25,Javiera Mena,2,4.16
2026-05-25,Joni Mitchell,1,0.03
2026-05-25,José González,1,2.56
2026-05-25,Juana Aguirre,10,27.89
2026-05-25,Juana Molina,2,4.53
2026-05-25,La Vela Puerca,2,7.77
2026-05-25,Las Pelotas,1,3.13
2026-05-25,Lisandro Aristimuño,1,4.42
2026-05-25,Los Besos,2,0.45
2026-05-25,Lucy Patané,22,53.55
2026-05-25,Luis Alberto Spinetta,2,7.37
2026-05-25,Mac DeMarco,4,4.98
2026-05-25,Martín Buscaglia,2,4.9
2026-05-25,Milo j,1,2.79
2026-05-25,Pedro Pastor,2,6.06
2026-05-25,Perotá Chingó,1,3.65
2026-05-25,Pescado Rabioso,1,4.19
2026-05-25,Phoebe Bridgers,1,3.83
2026-05-25,ROSALÍA,1,4.1
2026-05-25,Red Hot Chili Peppers,2,1.35
2026-05-25,Rosario Bléfari,2,6.25
2026-05-25,Serú Girán,1,0.36
2026-05-25,Silvio Rodríguez,1,3.35
2026-05-25,Suarez,1,0.03
2026-05-25,Sui Generis,2,4.96
2026-05-25,The Beatles,1,0.02
2026-05-25,The Velvet Underground,2,5.58
2026-05-25,Trueno,1,2.79
2026-05-25,"Tyler, The Creator",1,3.55
2026-05-25,Usted Señalemelo,1,3.1
2026-05-25,Viejas Locas,1,0.12
2026-05-25,Virus,1,3.13
2026-05-25,WOS,1,0.05
2026-06-01,Alanis Morissette,1,3.7
2026-06-01,Arcade Fire,1,0.14
2026-06-01,Astro,1,3.92
2026-06-01,Babasonicos,1,0.76
2026-06-01,Charli xcx,1,0.0
2026-06-01,Charly García,2,3.73
2026-06-01,El Kuelgue,5,8.07
2026-06-01,El Mató a un Policía Motorizado,1,3.03
2026-06-01,El Plan De La Mariposa,3,11.74
2026-06-01,Fito Paez,4,0.07
2026-06-01,Gabo Ferro,3,5.48
2026-06-01,Gauchito Club,3,10.18
2026-06-01,Gustavo Pena - El Príncipe,1,0.01
2026-06-01,Indio Solari,26,90.67
2026-06-01,Intoxicados,4,17.04
2026-06-01,Javiera Mena,2,5.71
2026-06-01,Las Pelotas,1,0.07
2026-06-01,Los Fundamentalistas del Aire Acondicionado,7,29.55
2026-06-01,Los Piojos,5,19.96
2026-06-01,Lucy Patané,1,4.3
2026-06-01,Luis Alberto Spinetta,2,3.73
2026-06-01,Mac DeMarco,2,6.21
2026-06-01,Milo j,1,2.15
2026-06-01,Patricio Rey y sus Redonditos de Ricota,29,82.54
2026-06-01,Pedro Pastor,1,3.03
2026-06-01,Perotá Chingó,1,0.29
2026-06-01,Perras on the beach,1,1.22
2026-06-01,Pescado Rabioso,1,0.01
2026-06-01,ROSALÍA,1,0.46
2026-06-01,Red Hot Chili Peppers,1,4.68
2026-06-01,Rosario Bléfari,1,0.75
2026-06-01,Silvio Rodríguez,1,0.26
2026-06-01,Taylor Swift,2,4.71
2026-06-01,The Velvet Underground,1,0.0
2026-06-01,"Tyler, The Creator",1,3.01
2026-06-01,Viejas Locas,3,4.7
2026-06-08,Ainda,1,0.78
2026-06-08,Arctic Monkeys,1,3.07
2026-06-08,Aretha Franklin,3,3.9
2026-06-08,Babasonicos,2,6.68
2026-06-08,Bad Bunny,1,2.61
2026-06-08,Callejeros,5,17.72
2026-06-08,Charly García,2,4.72
2026-06-08,Devendra Banhart,2,4.05
2026-06-08,Divididos,4,15.41
2026-06-08,El Kuelgue,9,1.61
2026-06-08,El Mató a un Policía Motorizado,5,15.15
2026-06-08,El Plan De La Mariposa,1,3.87
2026-06-08,Fito Paez,8,33.25
2026-06-08,Fleetwood Mac,3,8.78
2026-06-08,Frank Ocean,5,12.47
2026-06-08,Fred again..,1,0.02
2026-06-08,Gabo Ferro,2,6.85
2026-06-08,Gauchito Club,2,8.35
2026-06-08,George Harrison,2,1.92
2026-06-08,Indio Solari,20,74.69
2026-06-08,Intoxicados,2,9.22
2026-06-08,Javiera Mena,1,0.41
2026-06-08,Joni Mitchell,1,3.57
2026-06-08,Jorge Drexler,1,3.17
2026-06-08,Juana Aguirre,1,2.81
2026-06-08,Juana Molina,1,4.11
2026-06-08,Lisandro Aristimuño,2,3.95
2026-06-08,Los Besos,2,7.31
2026-06-08,Los Fundamentalistas del Aire Acondicionado,11,49.6
2026-06-08,Los Piojos,1,5.28
2026-06-08,Mac DeMarco,3,13.4
2026-06-08,Martín Buscaglia,1,3.06
2026-06-08,Milo j,7,16.44
2026-06-08,Natalia Lafourcade,4,7.96
2026-06-08,Patricio Rey y sus Redonditos de Ricota,37,134.47
2026-06-08,Pearl Jam,2,3.86
2026-06-08,Perotá Chingó,1,4.49
2026-06-08,Perras on the beach,31,90.94
2026-06-08,Pescado Rabioso,1,5.19
2026-06-08,Phoebe Bridgers,1,3.83
2026-06-08,ROSALÍA,2,4.1
2026-06-08,Red Hot Chili Peppers,2,7.24
2026-06-08,Rosario Bléfari,2,3.55
2026-06-08,Silvio Rodríguez,3,7.57
2026-06-08,Srta. Trueno Negro,1,0.85
2026-06-08,Steve Lacy,1,3.87
2026-06-08,Suarez,1,4.91
2026-06-08,The Velvet Underground,1,0.31
2026-06-08,Trueno,6,0.41
2026-06-08,"Tyler, The Creator",2,6.02
2026-06-08,Usted Señalemelo,10,25.53
2026-06-08,Viejas Locas,13,47.03
2026-06-08,Virus,3,10.39
2026-06-08,WOS,1,2.63
2026-06-15,Adrián Berra,4,14.1
2026-06-15,Charly García,1,4.46
2026-06-15,Divididos,1,3.69
2026-06-15,El Kuelgue,63,150.32
2026-06-15,El Mató a un Policía Motorizado,2,3.04
2026-06-15,Frank Ocean,1,0.7
2026-06-15,Gauchito Club,4,16.22
2026-06-15,Indio Solari,22,58.47
2026-06-15,Intoxicados,1,3.57
2026-06-15,Invisible,1,2.07
2026-06-15,Jorge Drexler,2,6.81
2026-06-15,Juana Aguirre,1,2.81
2026-06-15,Las Pelotas,1,3.69
2026-06-15,Lisandro Aristimuño,2,3.95
2026-06-15,Los Besos,14,40.29
2026-06-15,Los Fundamentalistas del Aire Acondicionado,12,48.66
2026-06-15,Natalia Lafourcade,2,2.56
2026-06-15,Patricio Rey y sus Redonditos de Ricota,5,12.69
2026-06-15,Pearl Jam,4,16.02
2026-06-15,Perras on the beach,1,0.4
2026-06-15,Red Hot Chili Peppers,1,4.68
2026-06-15,Trueno,1,0.0
2026-06-15,Usted Señalemelo,2,2.71
2026-06-15,Viejas Locas,4,17.0
2026-06-22,Adrián Berra,1,1.4
2026-06-22,Babasonicos,1,0.43
2026-06-22,Charly García,1,0.02
2026-06-22,El Kuelgue,23,66.22
2026-06-22,Frank Ocean,1,0.88
2026-06-22,Indio Solari,25,78.68
2026-06-22,Javiera Mena,1,0.36
2026-06-22,Joni Mitchell,1,0.15
2026-06-22,Los Fundamentalistas del Aire Acondicionado,10,39.99
2026-06-22,Natalia Lafourcade,1,0.0
2026-06-22,Patricio Rey y sus Redonditos de Ricota,6,22.31
2026-06-22,Pearl Jam,5,20.1
2026-06-22,Perras on the beach,2,1.08
2026-06-22,Polo & Pan,1,0.48
2026-06-22,Serú Girán,17,45.43
2026-06-22,The Velvet Underground,1,2.65
2026-06-22,Trueno,2,0.0
2026-06-22,Viejas Locas,4,11.46
2026-06-29,Ainda,1,0.5
2026-06-29,Alanis Morissette,2,7.69
2026-06-29,Arctic Monkeys,3,6.49
2026-06-29,Aretha Franklin,1,1.15
2026-06-29,Babasonicos,1,3.61
2026-06-29,Bob Marley & The Wailers,1,0.0
2026-06-29,Callejeros,2,5.18
2026-06-29,Charly García,1,4.45
2026-06-29,El Kuelgue,1,0.0
2026-06-29,El Mató a un Policía Motorizado,2,6.06
2026-06-29,El Plan De La Mariposa,6,0.03
2026-06-29,Frank Ocean,3,9.78
2026-06-29,Gauchito Club,1,0.24
2026-06-29,Indio Solari,12,35.43
2026-06-29,Javiera Mena,1,4.41
2026-06-29,Joni Mitchell,2,4.05
2026-06-29,Jorge Drexler,2,3.99
2026-06-29,Juana Aguirre,2,6.18
2026-06-29,Juana Molina,1,4.51
2026-06-29,Kali Uchis,2,3.73
2026-06-29,La Vela Puerca,1,2.48
2026-06-29,Las Pelotas,1,3.2
2026-06-29,Los Fundamentalistas del Aire Acondicionado,7,16.9
2026-06-29,Los Piojos,1,5.72
2026-06-29,Lucy Patané,1,4.3
2026-06-29,Mac DeMarco,5,17.05
2026-06-29,Milo j,6,14.7
2026-06-29,Natalia Lafourcade,1,3.3
2026-06-29,Patricio Rey y sus Redonditos de Ricota,14,39.53
2026-06-29,Pearl Jam,4,14.58
2026-06-29,Perras on the beach,2,4.25
2026-06-29,Phoebe Bridgers,4,3.87
2026-06-29,Serú Girán,7,25.99
2026-06-29,The Beatles,4,7.32
2026-06-29,The Strokes,20,55.61
2026-06-29,Trueno,5,0.22
2026-06-29,"Tyler, The Creator",2,6.02
2026-06-29,Viejas Locas,2,6.14
2026-07-06,Babasonicos,1,0.26
2026-07-06,Duratierra,1,0.38
2026-07-06,El Kuelgue,1,3.49
2026-07-06,El Plan De La Mariposa,3,0.01
2026-07-06,Fleetwood Mac,11,11.78
2026-07-06,Indio Solari,10,32.76
2026-07-06,Javiera Mena,1,2.25
2026-07-06,Joni Mitchell,3,0.73
2026-07-06,Los Fundamentalistas del Aire Acondicionado,9,26.44
2026-07-06,Luis Alberto Spinetta,1,0.38
2026-07-06,Mac DeMarco,1,3.18
2026-07-06,Mercedes Sosa,4,11.42
2026-07-06,Patricio Rey y sus Redonditos de Ricota,89,300.12
2026-07-06,Pearl Jam,2,1.63
2026-07-06,Perras on the beach,1,3.87
2026-07-06,Phoebe Bridgers,3,0.1
2026-07-06,ROSALÍA,18,54.4
2026-07-06,Serú Girán,1,0.36
2026-07-06,Silvio Rodríguez,1,0.02
2026-07-06,The Flaming Lips,11,11.61
2026-07-06,Viejas Locas,1,0.62
2026-07-13,Babasonicos,1,3.09
2026-07-13,Charly García,1,4.19
2026-07-13,Divididos,1,0.0
2026-07-13,El Mató a un Policía Motorizado,1,2.19
2026-07-13,El Plan De La Mariposa,1,3.87
2026-07-13,Fito Paez,1,2.97
2026-07-13,Gustavo Cerati,1,4.14
2026-07-13,Illya Kuryaki & The Valderramas,3,4.65
2026-07-13,Indio Solari,9,31.63
2026-07-13,Intoxicados,1,6.59
2026-07-13,Javiera Mena,1,0.03
2026-07-13,Juana Molina,2,6.49
2026-07-13,Las Pelotas,2,6.16
2026-07-13,Los Fundamentalistas del Aire Acondicionado,3,9.63
2026-07-13,Los Piojos,2,7.14
2026-07-13,Mac DeMarco,1,0.81
2026-07-13,Mercedes Sosa,4,9.73
2026-07-13,Milo j,3,8.76
2026-07-13,Patricio Rey y sus Redonditos de Ricota,29,88.73
2026-07-13,Pearl Jam,1,0.57
2026-07-13,ROSALÍA,2,5.99
2026-07-13,Rosario Bléfari,2,8.1
2026-07-13,San Pedro Bonfim,1,3.19
2026-07-13,Silvio Rodríguez,1,2.97
2026-07-20,Alanis Morissette,2,7.69
2026-07-20,Callejeros,1,0.86
2026-07-20,Charli xcx,1,0.02
2026-07-20,Charly García,21,53.47
2026-07-20,Divididos,3,0.0
2026-07-20,Fleetwood Mac,3,2.14
2026-07-20,Frank Ocean,2,6.43
2026-07-20,Indio Solari,8,13.51
2026-07-20,Javiera Mena,3,9.07
2026-07-20,Joni Mitchell,2,0.29
2026-07-20,Juana Aguirre,1,0.82
2026-07-20,Juana Molina,1,4.51
2026-07-20,Kali Uchis,1,2.16
2026-07-20,Las Pelotas,1,3.2
2026-07-20,Los Fundamentalistas del Aire Acondicionado,2,6.72
2026-07-20,Mac DeMarco,2,6.36
2026-07-20,Mercedes Sosa,8,15.5
2026-07-20,Milo j,4,7.35
2026-07-20,Patricio Rey y sus Redonditos de Ricota,12,34.99
2026-07-20,Pearl Jam,3,8.92
2026-07-20,Phoebe Bridgers,2,7.66
2026-07-20,ROSALÍA,9,30.29
2026-07-20,Serú Girán,1,0.11
2026-07-20,Suarez,1,4.91
2026-07-20,The Beatles,1,1.84
2026-07-20,The Flaming Lips,6,19.6
2026-07-27,Alanis Morissette,2,5.92
2026-07-27,Charli xcx,4,7.18
2026-07-27,Charly García,3,0.11
2026-07-27,El Mató a un Policía Motorizado,2,6.92
2026-07-27,Emmanuel Horvilleur,12,0.48
2026-07-27,Fleetwood Mac,2,3.5
2026-07-27,Frank Ocean,3,8.75
2026-07-27,Gabo Ferro,1,0.02
2026-07-27,Indio Solari,8,26.43
2026-07-27,Javiera Mena,3,2.91
2026-07-27,Joni Mitchell,1,3.37
2026-07-27,Los Fundamentalistas del Aire Acondicionado,3,15.16
2026-07-27,Los Piojos,1,3.94
2026-07-27,Mac DeMarco,1,0.04
2026-07-27,Mercedes Sosa,2,7.32
2026-07-27,Milo j,7,0.1
2026-07-27,Olivia Dean,2,6.11
2026-07-27,Patricio Rey y sus Redonditos de Ricota,13,32.8
2026-07-27,Pearl Jam,1,4.02
2026-07-27,Phoebe Bridgers,1,3.81
2026-07-27,ROSALÍA,14,31.19
2026-07-27,Serú Girán,3,14.45
2026-07-27,Suarez,1,0.01
2026-07-27,Taylor Swift,2,4.48
2026-07-27,The Beatles,1,1.84
2026-07-27,The Flaming Lips,4,15.02
2026-07-27,The Strokes,38,172.11
2026-07-27,Viejas Locas,1,5.63
2026-08-03,Adrián Berra,1,0.7
2026-08-03,Callejeros,1,0.04
2026-08-03,Charli xcx,60,117.11
2026-08-03,Charly García,20,57.14
2026-08-03,El Mató a un Policía Motorizado,1,5.73
2026-08-03,El Plan De La Mariposa,1,0.79
2026-08-03,Emmanuel Horvilleur,2,0.3
2026-08-03,Fleetwood Mac,3,2.17
2026-08-03,Frank Ocean,1,3.35
2026-08-03,Indio Solari,13,29.94
2026-08-03,Javiera Mena,1,3.49
2026-08-03,Joni Mitchell,1,0.03
2026-08-03,José González,1,0.47
2026-08-03,Las Pelotas,3,12.24
2026-08-03,Los Besos,1,2.34
2026-08-03,Los Fundamentalistas del Aire Acondicionado,6,30.2
2026-08-03,Los Piojos,1,4.03
2026-08-03,Lucy Patané,1,0.01
2026-08-03,Luis Alberto Spinetta,1,3.5
2026-08-03,Mercedes Sosa,4,13.28
2026-08-03,Milo j,9,0.66
2026-08-03,Olivia Dean,6,15.25
2026-08-03,Patricio Rey y sus Redonditos de Ricota,18,55.77
2026-08-03,Pearl Jam,2,4.47
2026-08-03,Perras on the beach,1,3.87
2026-08-03,Phoebe Bridgers,2,4.28
2026-08-03,ROSALÍA,17,17.12
2026-08-03,Serú Girán,7,18.52
2026-08-03,Suarez,1,4.91
2026-08-03,Sui Generis,3,11.36
2026-08-03,The Beatles,1,0.03
2026-08-03,The Flaming Lips,6,19.8
2026-08-03,The Strokes,3,8.77
2026-08-03,Viejas Locas,1,1.28
2026-08-03,Virus,1,2.61
2026-08-10,Arcade Fire,1,4.32
2026-08-10,Arctic Monkeys,1,3.07
2026-08-10,Charli xcx,48,114.22
2026-08-10,Divididos,1,0.12
2026-08-10,Feli Colina,18,30.03
2026-08-10,Fleetwood Mac,2,3.4
2026-08-10,Frank Ocean,3,8.67
2026-08-10,George Harrison,3,10.74
2026-08-10,Indio Solari,2,0.14
2026-08-10,Jorge Drexler,1,3.17
2026-08-10,Juana Aguirre,6,10.41
2026-08-10,Juana Molina,4,15.8
2026-08-10,Kali Uchis,1,3.71
2026-08-10,Las Pelotas,1,4.22
2026-08-10,Mac DeMarco,4,9.73
2026-08-10,Milo j,14,0.41
2026-08-10,Olivia Dean,38,89.97
2026-08-10,Patricio Rey y sus Redonditos de Ricota,1,3.59
2026-08-10,Pearl Jam,1,3.58
2026-08-10,Phoebe Bridgers,4,0.3
2026-08-10,ROSALÍA,2,6.23
2026-08-10,Serú Girán,1,0.66
2026-08-10,Srta. Trueno Negro,1,0.24
2026-08-10,Sui Generis,2,9.04
2026-08-10,The Beatles,26,65.61
2026-08-10,The Flaming Lips,1,1.75
2026-08-10,The Strokes,2,7.44
2026-08-10,The Velvet Underground,1,0.16
2026-08-10,"Tyler, The Creator",1,3.01
2026-08-10,Viejas Locas,2,5.76
2026-08-17,Feli Colina,6,0.12
2026-08-17,George Harrison,1,0.12
2026-08-17,Olivia Dean,2,5.89
2026-08-17,Taylor Swift,7,21.46
2026-08-17,The Beatles,2,0.25
